Rk,Player,Pos,Age,Tm,G,MP,PER,TS%,3PAr,FTr,ORB%,DRB%,TRB%,AST%,STL%,BLK%,TOV%,USG%,,OWS,DWS,WS,WS/48,,OBPM,DBPM,BPM,VORP,Player-additional
1,Precious Achiuwa,C-PF,24,TOT,38,623,14.8,.521,.244,.212,14.0,21.7,17.8,11.7,1.5,2.8,13.8,18.9,,0.2,0.8,1.0,.078,,-1.5,0.1,-1.4,0.1,achiupr01
1,Precious Achiuwa,C,24,TOR,25,437,15.0,.512,.276,.247,12.3,22.1,17.1,14.1,1.8,2.4,13.3,21.3,,0.0,0.5,0.5,.058,,-1.4,0.0,-1.4,0.1,achiupr01
1,Precious Achiuwa,PF,24,NYK,13,186,14.3,.554,.128,.085,18.1,20.6,19.3,5.9,0.8,4.0,15.6,13.2,,0.2,0.3,0.5,.126,,-1.8,0.4,-1.4,0.0,achiupr01
2,Bam Adebayo,C,26,MIA,35,1224,20.2,.566,.020,.465,7.2,27.4,17.1,20.5,1.5,2.9,11.6,26.8,,1.4,1.9,3.4,.132,,0.8,1.3,2.1,1.3,adebaba01
3,Ochai Agbaji,SG,23,UTA,46,926,8.2,.536,.575,.086,4.1,9.8,7.0,5.8,1.3,2.6,12.0,12.3,,0.0,0.6,0.7,.034,,-2.7,-0.2,-2.9,-0.2,agbajoc01
4,Santi Aldama,PF,23,MEM,34,795,13.5,.538,.508,.180,5.5,21.2,13.1,12.4,1.3,2.9,10.3,19.8,,0.0,1.2,1.2,.071,,-0.6,0.7,0.1,0.4,aldamsa01
5,Nickeil Alexander-Walker,SG,25,MIN,45,1014,9.9,.565,.669,.116,2.2,6.7,4.6,14.8,1.9,2.2,13.7,13.2,,0.5,1.6,2.1,.100,,-1.8,2.0,0.3,0.6,alexani01
6,Grayson Allen,SG,28,PHO,40,1340,14.0,.699,.626,.204,2.7,11.1,7.1,11.9,1.3,1.6,12.9,14.5,,2.5,1.1,3.6,.128,,1.2,-0.3,0.9,1.0,allengr01
7,Jarrett Allen,C,25,CLE,38,1156,22.1,.679,.003,.370,13.3,24.3,18.9,14.5,1.4,3.3,14.0,18.4,,3.3,2.2,5.5,.226,,2.0,1.9,3.9,1.7,allenja01
8,Jose Alvarado,PG,25,NOP,28,445,13.3,.534,.581,.186,3.0,11.8,7.4,15.6,2.9,2.2,10.9,19.6,,0.1,0.7,0.8,.087,,-0.9,1.5,0.6,0.3,alvarjo01
9,Kyle Anderson,PF,30,MIN,45,1012,11.9,.519,.122,.371,3.7,13.6,9.0,24.2,1.7,2.3,17.9,14.6,,0.5,1.8,2.3,.107,,-1.9,2.6,0.7,0.7,anderky01
10,Giannis Antetokounmpo,PF,29,MIL,43,1515,29.5,.646,.091,.588,8.6,26.8,18.0,30.0,1.8,2.6,13.2,33.2,,5.2,2.1,7.3,.233,,6.2,1.9,8.1,3.9,antetgi01
11,Thanasis Antetokounmpo,PF,31,MIL,18,74,4.1,.500,.000,.000,6.1,5.7,5.9,14.7,1.3,3.3,36.4,12.6,,-0.1,0.1,-0.1,-0.035,,-7.6,-0.6,-8.2,-0.1,antetth01
12,Cole Anthony,PG,23,ORL,44,1064,14.6,.546,.353,.344,4.6,15.4,10.0,20.5,1.6,1.8,13.4,24.0,,0.5,1.5,2.0,.090,,-0.8,0.5,-0.3,0.5,anthoco01
13,OG Anunoby,SF,26,TOT,40,1367,13.3,.608,.478,.175,3.1,10.7,6.9,9.1,1.8,1.8,10.9,17.5,,1.2,1.3,2.5,.089,,-0.6,0.5,-0.1,0.6,anunoog01
13,OG Anunoby,SF,26,TOR,27,900,12.6,.598,.508,.143,2.9,10.3,6.5,11.2,1.5,1.3,11.2,18.3,,0.6,0.6,1.2,.062,,-0.9,-0.5,-1.4,0.1,anunoog01
13,OG Anunoby,SF,26,NYK,13,467,14.8,.631,.413,.245,3.6,11.5,7.6,5.1,2.4,3.0,10.2,16.0,,0.6,0.7,1.4,.141,,-0.1,2.5,2.4,0.5,anunoog01
14,Ryan Arcidiacono,PG,29,NYK,17,42,0.1,.000,1.000,.000,0.0,18.2,9.2,11.0,2.4,0.0,0.0,6.1,,-0.1,0.1,0.0,-0.026,,-10.7,2.8,-7.9,-0.1,arcidry01
15,Deni Avdija,SF,23,WAS,44,1210,14.7,.594,.290,.312,3.7,20.4,12.0,19.7,1.5,1.1,14.4,18.9,,1.1,0.7,1.8,.071,,-0.8,-0.2,-0.9,0.3,avdijde01
16,Deandre Ayton,C,25,POR,29,915,15.1,.555,.000,.125,10.9,27.8,18.8,8.1,1.7,2.0,14.7,18.3,,0.2,1.1,1.3,.066,,-2.3,-0.4,-2.6,-0.2,aytonde01
17,Udoka Azubuike,C,24,PHO,11,91,14.7,.719,.000,.474,12.1,19.2,15.8,4.7,0.0,5.8,14.8,12.9,,0.2,0.1,0.3,.132,,-2.4,0.2,-2.2,0.0,azubuud01
18,Ibou Badji,C,21,POR,12,163,9.4,.595,.000,.400,11.6,19.2,15.1,6.5,0.6,9.4,33.8,6.9,,0.0,0.2,0.2,.068,,-7.2,2.0,-5.2,-0.1,badjiib01
19,Marvin Bagley III,C,24,TOT,31,613,18.9,.631,.038,.382,12.5,17.5,14.9,8.3,0.7,2.3,11.5,21.6,,1.2,0.2,1.4,.110,,0.7,-1.8,-1.1,0.1,baglema01
19,Marvin Bagley III,C,24,DET,26,478,18.0,.638,.033,.337,10.5,17.3,13.8,8.7,0.5,2.4,12.2,20.9,,0.8,0.2,1.0,.101,,0.3,-1.7,-1.4,0.1,baglema01
19,Marvin Bagley III,C,24,WAS,5,135,22.2,.613,.053,.526,19.5,18.4,19.0,6.9,1.4,1.8,9.1,24.1,,0.3,0.1,0.4,.141,,2.1,-2.3,-0.2,0.1,baglema01
20,Amari Bailey,PG,19,CHO,2,11,3.6,.363,.333,.333,19.3,0.0,10.2,0.0,0.0,0.0,12.7,31.0,,-0.1,0.0,-0.1,-0.249,,-5.5,-8.4,-13.9,0.0,baileam01
21,Patrick Baldwin Jr.,SF,21,WAS,15,104,11.8,.621,.548,.323,5.1,25.0,14.9,7.5,0.4,2.3,12.4,16.4,,0.1,0.1,0.1,.068,,-2.5,-1.0,-3.5,0.0,baldwpa01
22,LaMelo Ball,PG,22,CHO,22,711,20.6,.561,.466,.246,4.3,14.0,8.9,42.1,2.7,0.5,15.0,33.6,,0.6,0.4,1.0,.068,,3.5,-0.7,2.8,0.9,ballla01
23,Mo Bamba,C,25,PHI,24,215,21.3,.636,.254,.296,17.0,20.4,18.7,8.6,2.3,7.7,15.7,18.8,,0.4,0.4,0.9,.192,,0.7,1.3,2.1,0.2,bambamo01
24,Paolo Banchero,PF,21,ORL,45,1564,16.6,.536,.229,.412,3.7,19.4,11.5,23.2,1.4,1.6,13.0,30.0,,0.0,2.3,2.2,.068,,0.6,0.0,0.7,1.1,banchpa01
25,Desmond Bane,SG,25,MEM,37,1277,18.9,.597,.460,.201,2.8,12.0,7.3,27.9,1.4,1.4,11.6,28.7,,1.6,1.4,3.0,.113,,3.4,0.1,3.5,1.8,banede01
26,Dalano Banton,PG,24,BOS,21,150,10.9,.511,.279,.419,8.9,14.3,11.7,11.3,1.6,1.8,15.0,17.2,,0.0,0.2,0.3,.087,,-4.5,0.8,-3.8,-0.1,bantoda01
27,Dominick Barlow,PF,20,SAS,19,244,13.3,.502,.103,.324,9.5,18.8,14.1,11.0,1.5,3.5,4.9,14.0,,0.2,0.2,0.4,.088,,-2.4,0.1,-2.3,0.0,barlodo01
28,Harrison Barnes,PF,31,SAC,43,1262,11.7,.634,.551,.280,3.2,7.8,5.4,5.4,1.1,0.5,7.2,14.4,,1.8,0.7,2.5,.095,,-0.7,-1.2,-1.9,0.0,barneha02
29,Scottie Barnes,SG,22,TOR,45,1582,19.7,.573,.343,.256,7.0,19.4,13.1,24.0,1.8,3.8,13.0,24.7,,1.9,1.9,3.8,.115,,3.1,1.2,4.3,2.5,barnesc01
30,RJ Barrett,SG,23,TOT,39,1203,15.5,.562,.311,.335,3.0,15.7,9.3,13.8,0.8,1.0,9.5,26.0,,1.0,1.1,2.2,.086,,0.1,-1.3,-1.3,0.2,barrerj01
30,RJ Barrett,SG,23,NYK,26,766,14.1,.536,.335,.320,2.8,13.1,8.0,12.6,0.8,1.1,9.6,27.1,,0.4,0.8,1.2,.073,,-0.6,-1.6,-2.2,0.0,barrerj01
30,RJ Barrett,SG,23,TOR,13,437,17.9,.615,.262,.366,3.5,20.1,11.6,15.8,0.9,1.0,9.4,24.0,,0.7,0.3,1.0,.109,,1.3,-0.9,0.4,0.3,barrerj01
31,Charles Bassey,C,23,SAS,19,205,17.6,.739,.025,.150,11.9,28.2,19.9,14.0,1.8,7.2,26.0,11.8,,0.3,0.3,0.6,.146,,-2.0,3.0,1.1,0.2,bassech01
32,Emoni Bates,SF,20,CLE,10,76,3.7,.348,.800,.080,1.5,12.9,7.3,9.9,0.6,2.4,3.7,15.3,,-0.1,0.1,0.0,-0.016,,-5.4,-0.7,-6.1,-0.1,batesem01
33,Keita Bates-Diop,SF,28,PHO,34,535,11.2,.510,.422,.252,6.1,13.0,9.8,7.8,1.9,2.6,5.7,12.9,,0.4,0.6,1.0,.086,,-1.7,0.2,-1.6,0.1,bateske01
34,Nicolas Batum,PF,35,TOT,32,796,12.1,.703,.721,.109,5.4,11.6,8.5,11.9,1.4,2.8,12.9,8.3,,1.4,1.0,2.4,.144,,0.3,1.0,1.4,0.7,batumni01
34,Nicolas Batum,PF,35,LAC,3,54,9.8,.500,.875,.000,0.0,14.3,7.4,11.0,2.7,6.7,11.1,7.3,,0.0,0.1,0.1,.100,,-1.5,4.3,2.9,0.1,batumni01
34,Nicolas Batum,PF,35,PHI,29,742,12.3,.716,.711,.116,5.8,11.4,8.6,11.9,1.3,2.5,13.0,8.4,,1.4,0.9,2.3,.147,,0.5,0.8,1.3,0.6,batumni01
35,Bradley Beal,SG,30,PHO,21,684,14.7,.587,.288,.205,3.0,11.5,7.5,19.2,1.2,1.0,13.1,23.2,,0.6,0.5,1.1,.075,,-0.7,-1.4,-2.2,0.0,bealbr01
36,Malik Beasley,SG,27,MIL,43,1263,11.5,.660,.715,.044,2.5,11.9,7.4,5.9,1.1,0.3,7.5,13.4,,1.7,0.8,2.5,.095,,0.1,-0.9,-0.8,0.4,beaslma01
37,MarJon Beauchamp,SF,23,MIL,34,534,8.4,.574,.459,.148,4.3,12.6,8.6,6.8,1.0,0.9,14.3,13.3,,0.1,0.3,0.4,.040,,-2.6,-1.0,-3.7,-0.2,beaucma01
38,Jules Bernard,SG,24,WAS,4,16,-15.3,.111,.778,.000,6.6,0.0,3.3,7.5,0.0,0.0,10.0,26.4,,-0.2,0.0,-0.2,-0.511,,-19.6,-8.7,-28.3,-0.1,bernaju01
39,Dāvis Bertāns,PF,31,OKC,14,91,17.2,.675,.923,.577,2.6,9.3,6.2,12.0,1.6,3.1,3.0,16.0,,0.3,0.1,0.4,.227,,3.2,0.8,4.0,0.1,bertada01
40,Patrick Beverley,PG,35,PHI,40,742,10.6,.528,.492,.271,3.9,14.2,9.1,18.2,1.4,1.6,14.4,13.5,,0.5,0.9,1.4,.088,,-2.0,0.4,-1.6,0.1,beverpa01
41,Saddiq Bey,SF,24,ATL,45,1459,12.2,.543,.532,.256,8.0,13.7,10.8,5.9,1.4,0.4,7.2,16.0,,1.6,0.4,2.0,.066,,-0.5,-1.9,-2.3,-0.1,beysa01
42,Goga Bitadze,C,24,ORL,39,807,18.5,.641,.056,.380,13.4,21.9,17.6,11.7,1.6,6.9,12.9,12.8,,1.7,1.6,3.3,.196,,-0.1,2.9,2.8,1.0,bitadgo01
43,Onuralp Bitim,SG,24,CHI,1,3,0.0,,,,0.0,0.0,0.0,0.0,0.0,0.0,,0.0,,0.0,0.0,0.0,.001,,-7.3,-3.4,-10.7,0.0,bitimon01
44,Bismack Biyombo,C,31,MEM,30,718,9.9,.560,.000,.387,8.4,21.1,14.6,9.9,0.7,4.4,21.4,10.6,,0.1,1.0,1.1,.074,,-4.8,1.6,-3.2,-0.2,biyombi01
45,Anthony Black,PG,20,ORL,42,814,8.4,.563,.354,.335,3.3,10.8,7.0,12.0,1.6,1.7,17.5,12.0,,0.1,1.0,1.2,.068,,-4.1,1.2,-2.8,-0.2,blackan01
46,Leaky Black,SF,24,CHO,14,80,13.8,.611,.353,.353,6.6,16.3,11.2,8.5,1.8,4.5,9.2,11.7,,0.1,0.1,0.2,.098,,-1.4,0.1,-1.2,0.0,blackle01
47,Bogdan Bogdanović,SG,31,ATL,43,1216,15.4,.564,.597,.141,2.0,10.3,6.0,13.7,2.3,0.6,6.8,23.4,,1.6,0.6,2.1,.083,,1.0,-0.6,0.4,0.7,bogdabo01
48,Bojan Bogdanović,PF,34,DET,23,761,14.0,.594,.475,.234,1.9,10.4,6.0,12.3,1.3,0.3,11.4,24.4,,0.4,0.2,0.5,.035,,0.1,-2.4,-2.3,-0.1,bogdabo02
49,Bol Bol,PF,24,PHO,12,86,22.3,.813,.217,.217,12.8,22.8,18.1,10.4,1.7,6.2,19.2,15.7,,0.2,0.1,0.4,.212,,2.8,2.1,5.0,0.2,bolbo01
50,Marques Bolden,C,25,MIL,2,3,3.1,,,,0.0,70.0,36.4,0.0,0.0,0.0,,0.0,,0.0,0.0,0.0,.098,,-7.9,2.1,-5.7,0.0,boldema01
51,Devin Booker,PG,27,PHO,36,1300,23.1,.619,.303,.362,2.3,12.7,7.8,34.3,1.2,0.9,10.9,30.7,,4.1,1.0,5.1,.188,,4.4,-1.2,3.2,1.7,bookede01
52,Brandon Boston Jr.,SF,22,LAC,9,61,13.0,.533,.424,.182,7.7,9.0,8.4,9.8,0.8,0.0,7.8,27.6,,0.0,0.0,0.1,.062,,-3.1,-4.2,-7.3,-0.1,bostobr01
53,Chris Boucher,PF,31,TOR,42,597,14.9,.587,.444,.392,9.4,22.4,15.8,4.1,1.1,2.8,7.9,17.2,,0.8,0.6,1.4,.113,,-0.9,-1.3,-2.2,0.0,bouchch01
54,James Bouknight,SG,23,CHO,11,71,17.2,.610,.722,.056,1.5,13.3,7.1,13.6,0.0,1.3,2.6,23.1,,0.1,0.0,0.1,.090,,6.1,-2.4,3.7,0.1,bouknja01
55,Jamaree Bouyea,PG,24,POR,6,57,-4.7,.238,.381,.000,3.7,16.9,9.8,19.4,0.0,0.0,27.6,21.5,,-0.4,0.0,-0.4,-0.298,,-13.2,-4.9,-18.0,-0.2,bouyeja01
56,Malaki Branham,PG,20,SAS,42,880,8.3,.513,.394,.082,1.4,8.8,5.1,15.2,1.0,0.5,12.5,18.6,,-0.6,0.2,-0.4,-0.022,,-4.0,-2.1,-6.1,-0.9,branhma01
57,Christian Braun,SG,22,DEN,46,873,11.5,.543,.313,.291,4.5,16.2,10.5,9.9,1.0,1.8,9.9,17.1,,0.5,0.9,1.4,.075,,-2.2,-0.6,-2.8,-0.2,braunch01
58,Mikal Bridges,SF,27,BRK,44,1534,16.4,.571,.372,.300,2.6,13.6,7.9,16.6,1.3,1.2,10.9,26.1,,1.4,1.1,2.5,.080,,1.1,-1.0,0.2,0.8,bridgmi01
59,Miles Bridges,SF,25,CHO,32,1182,15.0,.562,.377,.186,2.2,20.3,10.8,12.4,1.4,1.1,10.1,24.2,,0.2,0.6,0.8,.033,,-0.4,-1.4,-1.8,0.1,bridgmi02
60,Oshae Brissett,SF,25,BOS,27,317,14.2,.577,.402,.463,10.9,16.1,13.6,7.0,1.9,0.6,8.4,14.6,,0.6,0.5,1.1,.160,,-1.0,0.7,-0.3,0.1,brissos01
61,Malcolm Brogdon,PG,31,POR,35,979,17.0,.560,.405,.232,2.4,12.4,7.0,31.2,1.1,0.6,9.6,23.4,,1.6,0.5,2.2,.105,,2.7,-0.8,1.8,0.9,brogdma01
62,Armoni Brooks,PG,25,BRK,10,104,8.2,.448,.696,.043,7.0,11.7,9.3,6.7,0.5,0.9,6.0,20.5,,-0.1,0.0,0.0,-0.017,,-2.2,-3.6,-5.9,-0.1,brookar01
63,Dillon Brooks,SF,28,HOU,35,1094,10.2,.584,.444,.207,2.4,9.4,5.9,7.2,1.5,0.3,11.4,18.3,,0.3,1.2,1.5,.066,,-3.1,0.1,-3.0,-0.3,brookdi01
64,Bruce Brown,SG-PG,27,TOT,37,1081,11.9,.572,.319,.243,3.1,15.6,9.3,11.8,1.6,0.7,11.2,16.5,,0.8,0.6,1.4,.064,,-1.9,-0.6,-2.5,-0.1,brownbr01
64,Bruce Brown,SG,27,IND,33,981,12.0,.568,.322,.261,2.9,15.2,9.0,12.3,1.7,0.6,10.5,16.5,,0.9,0.5,1.4,.067,,-1.7,-0.6,-2.3,-0.1,brownbr01
64,Bruce Brown,PG,27,TOR,4,100,10.6,.612,.290,.065,5.4,19.1,12.1,6.9,1.0,1.7,18.0,16.6,,0.0,0.1,0.1,.035,,-3.9,-1.0,-4.9,-0.1,brownbr01
65,Charlie Brown Jr.,SG,26,NYK,3,5,-19.2,.375,.750,.000,0.0,0.0,0.0,0.0,0.0,0.0,33.3,50.9,,-0.1,0.0,-0.1,-0.722,,-18.1,-16.9,-35.0,0.0,brownch02
66,Greg Brown III,PF,22,DAL,6,40,10.4,.501,.273,.818,8.0,16.7,12.3,13.0,0.0,8.8,21.1,20.1,,0.0,0.0,0.0,-0.010,,-4.8,0.4,-4.4,0.0,browngr01
67,Jaylen Brown,SF,27,BOS,42,1403,18.2,.582,.339,.242,3.0,13.1,8.3,17.6,1.7,1.7,11.2,28.7,,1.4,2.1,3.4,.118,,0.9,0.3,1.1,1.1,brownja02
68,Kendall Brown,SG,20,IND,4,18,10.2,.524,.200,1.200,12.7,0.0,6.4,6.4,0.0,0.0,0.0,17.6,,0.0,0.0,0.0,.102,,-2.5,-3.4,-5.9,0.0,brownke03
69,Kobe Brown,PF,24,LAC,26,251,6.0,.492,.643,.036,2.8,12.7,8.0,7.4,1.2,1.1,6.6,10.6,,0.1,0.2,0.3,.056,,-4.4,0.5,-3.9,-0.1,brownko01
70,Moses Brown,C,24,POR,9,82,12.8,.395,.000,.190,23.0,41.2,31.5,3.5,1.2,3.3,14.9,13.8,,0.0,0.1,0.1,.046,,-4.9,-2.3,-7.1,-0.1,brownmo01
71,Troy Brown Jr.,SF,24,MIN,34,393,11.7,.607,.717,.195,4.3,15.0,10.0,11.6,1.0,0.4,12.8,15.7,,0.4,0.6,1.0,.118,,-0.2,0.6,0.4,0.2,browntr01
72,Jalen Brunson,PG,27,NYK,43,1530,21.4,.598,.338,.313,1.9,9.9,6.0,29.9,1.3,0.5,9.8,29.3,,4.4,1.6,5.9,.187,,4.8,-0.3,4.5,2.5,brunsja01
73,Thomas Bryant,C,26,MIA,24,256,15.3,.611,.052,.286,11.0,23.3,17.0,9.0,1.2,1.9,14.8,17.5,,0.3,0.3,0.6,.118,,-2.3,-0.6,-2.9,-0.1,bryanth01
74,Kobe Bufkin,SG,20,ATL,2,4,-10.2,.129,.333,.667,26.1,28.1,27.1,0.0,0.0,0.0,0.0,39.8,,0.0,0.0,0.0,-0.541,,-19.3,-13.2,-32.5,0.0,bufkiko01
75,Reggie Bullock,SF,32,HOU,18,166,7.8,.572,.737,.026,1.3,14.2,7.8,7.2,0.9,1.1,11.5,11.3,,0.0,0.2,0.2,.062,,-2.5,-0.1,-2.6,0.0,bullore01
76,Alec Burks,SG,32,DET,37,758,14.9,.576,.612,.318,2.2,10.4,6.2,10.7,1.0,1.0,5.8,24.1,,1.1,0.1,1.3,.080,,1.4,-2.1,-0.7,0.2,burksal01
77,Jared Butler,SG,23,WAS,17,128,21.1,.689,.480,.300,0.0,9.3,4.6,35.5,2.9,1.3,15.0,22.0,,0.4,0.1,0.4,.164,,3.1,0.5,3.6,0.2,butleja02
78,Jimmy Butler,PF,34,MIA,30,1006,21.0,.617,.158,.590,6.4,10.4,8.4,20.8,1.7,1.0,9.7,24.5,,2.8,1.0,3.9,.184,,3.2,-0.3,2.9,1.2,butleji01
79,Jamal Cain,PF,24,MIA,14,209,11.6,.538,.379,.288,6.4,9.5,7.9,2.1,2.1,1.9,5.1,16.6,,0.1,0.2,0.3,.080,,-2.5,0.0,-2.5,0.0,cainja01
80,Kentavious Caldwell-Pope,SG,30,DEN,44,1419,10.4,.588,.483,.202,1.6,6.4,4.1,9.2,2.2,1.3,10.7,12.9,,1.1,1.5,2.5,.085,,-2.4,0.7,-1.7,0.1,caldwke01
81,Toumani Camara,PF,23,POR,44,1069,9.1,.499,.423,.239,8.2,14.7,11.2,5.6,2.1,1.9,14.7,13.9,,-0.4,1.0,0.6,.028,,-4.5,0.1,-4.4,-0.6,camarto01
82,Clint Capela,C,29,ATL,43,1110,20.4,.591,.000,.350,19.0,24.6,21.7,5.4,1.1,5.5,8.6,16.4,,2.6,1.0,3.7,.158,,0.8,-1.1,-0.3,0.5,capelca01
83,Jevon Carter,PG,28,CHI,44,616,7.8,.475,.644,.021,0.9,5.4,3.1,12.3,1.7,1.8,8.7,18.8,,-0.5,0.5,0.0,-0.003,,-3.6,-0.6,-4.2,-0.4,carteje01
84,Wendell Carter Jr.,C,24,ORL,19,482,16.1,.634,.333,.313,8.4,22.3,15.2,9.6,1.1,2.1,11.6,16.9,,0.8,0.7,1.5,.151,,0.9,0.5,1.5,0.4,cartewe01
85,Alex Caruso,SG,29,CHI,39,1012,15.3,.639,.604,.205,4.1,11.3,7.6,14.5,2.6,3.9,14.2,15.6,,1.4,1.3,2.7,.129,,0.7,2.2,2.9,1.2,carusal01
86,Colin Castleton,C,23,LAL,5,32,19.2,.743,.000,.444,14.5,16.8,15.7,13.4,0.0,0.0,8.5,15.8,,0.1,0.0,0.2,.241,,0.2,-1.9,-1.7,0.0,castlco01
87,Malcolm Cazalon,SG,22,DET,1,3,0.0,,,,0.0,0.0,0.0,0.0,0.0,0.0,,0.0,,0.0,0.0,0.0,-0.020,,-6.2,-3.2,-9.4,0.0,cazalma01
88,Julian Champagnie,SF,22,SAS,38,596,11.6,.596,.740,.193,2.5,13.0,7.7,8.8,1.8,2.7,12.1,15.7,,0.2,0.5,0.7,.055,,-1.3,-0.4,-1.7,0.1,champju02
89,Max Christie,SG,20,LAL,36,619,6.8,.517,.494,.192,1.7,15.1,8.6,7.8,1.1,1.3,14.6,13.8,,-0.4,0.6,0.1,.011,,-4.6,-0.6,-5.2,-0.5,chrisma02
90,Sidy Cissoko,SF,19,SAS,5,32,5.4,.387,.667,.667,0.0,20.4,10.1,0.0,4.4,0.0,11.4,11.5,,-0.1,0.0,0.0,-0.016,,-9.3,0.5,-8.8,-0.1,cissosi01
91,Jordan Clarkson,SG,31,UTA,36,1084,13.6,.530,.365,.247,3.8,9.4,6.6,25.5,1.0,0.4,14.5,27.5,,0.1,0.4,0.5,.024,,-0.5,-2.8,-3.3,-0.4,clarkjo01
92,Nic Claxton,C,24,BRK,34,1007,20.3,.645,.007,.326,11.0,26.9,18.7,8.9,1.2,6.7,10.3,15.6,,2.1,1.5,3.6,.173,,0.5,1.5,2.0,1.0,claxtni01
93,Noah Clowney,PF,19,BRK,2,27,18.5,.709,.111,.222,11.6,8.2,10.0,11.5,0.0,0.0,9.2,17.2,,0.1,0.0,0.1,.172,,0.2,-3.3,-3.1,0.0,clownno01
94,Amir Coffey,SF,26,LAC,31,490,9.3,.692,.516,.200,2.7,8.8,5.8,5.4,1.0,0.0,11.2,10.3,,0.7,0.3,1.0,.097,,-1.9,-0.6,-2.5,-0.1,coffeam01
95,John Collins,PF,26,UTA,42,1161,15.1,.597,.337,.223,8.3,22.3,15.4,5.4,1.0,2.5,11.0,19.7,,1.2,1.1,2.3,.094,,-0.7,-1.1,-1.8,0.1,collijo01
96,Zach Collins,C,26,SAS,36,911,13.3,.565,.355,.261,7.9,16.3,12.0,18.3,1.0,2.5,17.1,21.6,,0.1,0.6,0.7,.036,,-2.2,-0.7,-3.0,-0.2,colliza01
97,Mike Conley,PG,36,MIN,42,1228,15.2,.618,.646,.157,1.5,8.8,5.4,30.1,1.6,0.6,10.9,14.8,,2.9,1.8,4.7,.185,,1.9,1.3,3.2,1.6,conlemi01
98,Pat Connaughton,SF,31,MIL,39,823,9.3,.597,.724,.112,3.3,12.6,8.2,9.5,1.0,0.7,10.1,10.2,,0.8,0.5,1.3,.078,,-1.1,-0.3,-1.4,0.1,connapa01
99,Bilal Coulibaly,SF,19,WAS,43,1128,9.2,.561,.409,.275,3.2,13.4,8.2,8.7,1.5,2.4,16.2,13.8,,-0.3,0.5,0.3,.011,,-3.5,-0.6,-4.1,-0.6,coulibi01
100,Ricky Council IV,SG,22,PHI,5,21,13.5,.521,.250,1.000,5.3,0.0,2.6,0.0,2.3,0.0,0.0,23.3,,0.0,0.0,0.0,.100,,-2.7,-2.4,-5.1,0.0,councri01
101,Robert Covington,SF-PF,33,TOT,29,488,13.4,.580,.571,.265,7.1,14.8,11.0,6.1,3.9,3.2,9.1,10.5,,0.6,1.0,1.5,.151,,-1.0,3.3,2.3,0.5,covinro01
101,Robert Covington,PF,33,LAC,3,69,10.5,.455,.889,.222,3.4,9.6,6.6,11.9,4.3,2.6,0.0,6.2,,0.1,0.1,0.2,.132,,-2.3,4.4,2.1,0.1,covinro01
101,Robert Covington,SF,33,PHI,26,419,13.8,.593,.539,.270,7.7,15.7,11.7,5.2,3.8,3.3,9.9,11.2,,0.5,0.8,1.3,.155,,-0.8,3.1,2.3,0.5,covinro01
102,Torrey Craig,SF,33,CHI,27,572,11.2,.553,.547,.165,9.5,16.0,12.6,6.5,1.5,1.8,9.7,12.6,,0.6,0.6,1.2,.098,,-2.3,-0.2,-2.4,-0.1,craigto01
103,Jae Crowder,PF,33,MIL,14,325,9.8,.628,.707,.187,1.7,13.3,7.7,6.4,1.3,0.7,9.0,11.6,,0.3,0.2,0.5,.080,,-0.4,-0.2,-0.6,0.1,crowdja01
104,Cade Cunningham,PG,22,DET,36,1241,15.5,.544,.292,.237,1.4,12.0,6.6,33.7,1.3,0.8,15.3,30.2,,-0.1,0.4,0.3,.011,,0.6,-2.2,-1.6,0.1,cunnica01
105,Seth Curry,SG,33,DAL,33,424,8.2,.496,.561,.121,3.3,8.9,6.1,7.9,1.9,0.6,9.1,15.3,,-0.1,0.3,0.2,.023,,-3.4,-0.8,-4.2,-0.2,curryse01
106,Stephen Curry,PG,35,GSW,39,1296,20.6,.623,.595,.293,1.5,12.4,6.9,23.7,1.2,1.0,12.1,31.0,,2.9,0.7,3.6,.134,,5.9,-1.4,4.6,2.1,curryst01
107,Dyson Daniels,PG,20,NOP,45,992,11.0,.508,.430,.209,5.0,13.8,9.5,15.2,2.8,1.4,14.9,12.8,,0.3,1.5,1.8,.086,,-2.3,2.2,-0.1,0.5,daniedy01
108,Anthony Davis,C,30,LAL,44,1578,25.7,.622,.063,.413,10.3,26.8,18.9,16.8,1.5,5.8,9.6,26.6,,4.1,2.8,6.9,.209,,3.6,1.7,5.3,2.9,davisan02
109,Johnny Davis,SG,21,WAS,20,151,7.9,.468,.063,.104,6.3,7.9,7.1,4.4,2.2,0.5,9.1,15.4,,-0.1,0.1,-0.1,-0.024,,-5.5,-2.1,-7.5,-0.2,davisjo06
110,JD Davison,SG,21,BOS,2,6,15.3,.532,1.000,2.000,18.6,17.0,17.8,0.0,0.0,0.0,0.0,13.5,,0.0,0.0,0.0,.204,,-0.7,-1.5,-2.2,0.0,davisjd01
111,Dexter Dennis,SG,24,DAL,4,30,18.2,.541,.421,.158,3.6,29.7,16.4,23.8,0.0,2.9,12.9,33.0,,0.0,0.0,0.0,-0.004,,1.9,-0.3,1.6,0.0,dennide01
112,DeMar DeRozan,SF,34,CHI,44,1635,18.4,.565,.171,.402,1.7,10.6,6.0,22.6,1.5,1.8,7.0,24.8,,3.2,1.4,4.6,.135,,1.3,-0.1,1.2,1.3,derozde01
113,Moussa Diabaté,C,22,LAC,10,58,23.7,.580,.000,.667,28.5,11.4,19.7,9.3,3.4,0.0,7.9,19.0,,0.2,0.1,0.3,.252,,4.1,-1.0,3.1,0.1,diabamo01
114,Mamadi Diakite,PF,27,SAS,3,16,30.3,.785,.000,1.200,6.6,13.6,10.1,20.1,0.0,5.4,0.0,20.0,,0.1,0.0,0.1,.335,,7.7,3.6,11.2,0.1,diakima01
115,Hamidou Diallo,SG,25,WAS,2,5,33.0,.500,.000,.000,42.2,0.0,21.4,28.6,18.6,0.0,33.3,25.3,,0.0,0.0,0.0,.198,,2.5,15.9,18.3,0.0,diallha01
116,Gradey Dick,SG,20,TOR,24,310,5.5,.470,.659,.170,3.1,8.4,5.7,9.7,1.6,0.0,13.7,15.1,,-0.2,0.2,-0.1,-0.011,,-5.9,-1.1,-7.0,-0.4,dickgr01
117,Ousmane Dieng,PF,20,OKC,22,250,9.4,.552,.667,.154,4.3,13.6,9.2,9.5,0.4,0.0,10.7,16.1,,0.1,0.2,0.3,.063,,-1.9,-1.6,-3.4,-0.1,diengou01
118,Spencer Dinwiddie,PG,30,BRK,42,1283,14.0,.542,.565,.326,2.0,10.4,6.1,26.8,1.3,0.6,10.5,19.0,,1.8,0.8,2.6,.097,,0.0,-0.7,-0.7,0.4,dinwisp01
119,Donte DiVincenzo,SG,27,NYK,45,1005,16.3,.624,.729,.139,3.8,11.8,7.8,14.3,2.5,1.2,10.8,19.5,,1.8,1.4,3.3,.156,,2.4,1.5,3.9,1.5,divindo01
120,Luka Dončić,PG,24,DAL,38,1410,28.4,.619,.435,.379,2.3,23.3,12.6,43.1,1.8,1.4,12.4,36.5,,4.5,1.6,6.1,.208,,8.7,1.2,9.9,4.3,doncilu01
121,Luguentz Dort,SF,24,OKC,43,1225,11.4,.601,.570,.261,5.1,9.8,7.6,5.7,1.4,2.5,9.5,15.2,,1.2,1.5,2.7,.106,,-1.2,-0.1,-1.2,0.2,dortlu01
122,Ayo Dosunmu,SG,24,CHI,44,1031,12.2,.585,.404,.172,3.1,8.8,5.9,12.4,1.6,1.7,10.6,16.1,,1.0,0.9,1.8,.085,,-1.8,0.1,-1.7,0.1,dosunay01
123,Andre Drummond,C,30,CHI,46,731,23.6,.566,.008,.479,22.7,36.3,29.3,5.4,3.7,3.8,14.3,21.8,,0.9,1.7,2.6,.174,,0.5,0.2,0.7,0.5,drumman01
124,Chris Duarte,SF,26,SAC,35,461,6.0,.476,.536,.192,3.1,12.8,7.8,8.7,1.9,0.4,12.9,14.3,,-0.3,0.4,0.1,.010,,-5.8,0.1,-5.6,-0.4,duartch01
125,Kris Dunn,PG,29,UTA,38,667,13.6,.548,.314,.107,4.1,13.6,8.9,31.7,2.4,2.1,20.3,13.8,,0.7,0.7,1.4,.100,,-1.0,1.8,0.7,0.5,dunnkr01
126,Kevin Durant,PF,35,PHO,38,1412,23.7,.644,.259,.353,1.6,17.4,9.9,25.8,1.1,2.9,12.1,29.8,,3.8,1.5,5.3,.179,,5.9,0.1,6.0,2.8,duranke01
127,Jalen Duren,C,20,DET,29,860,18.2,.650,.007,.230,11.6,31.7,21.4,12.6,0.7,2.5,15.9,18.1,,1.3,0.6,2.0,.110,,-0.3,-0.2,-0.5,0.3,durenja01
128,Tari Eason,PF,22,HOU,22,480,17.2,.528,.265,.175,10.5,23.9,17.2,8.4,3.1,3.7,8.9,20.1,,0.2,1.0,1.3,.126,,-0.6,2.2,1.6,0.4,easonta01
129,Anthony Edwards,SG,22,MIN,42,1462,18.9,.579,.333,.348,2.3,14.0,8.5,24.6,1.7,1.3,13.3,32.3,,1.1,2.5,3.6,.118,,2.3,0.5,2.7,1.8,edwaran01
130,Kessler Edwards,SF,23,SAC,29,144,9.2,.526,.619,.095,3.8,13.6,8.6,7.1,0.7,1.3,2.2,13.2,,0.1,0.1,0.2,.068,,-1.7,-1.2,-2.9,0.0,edwarke02
131,Keon Ellis,SG,24,SAC,28,342,10.8,.602,.819,.205,2.9,9.4,6.1,12.9,2.0,3.2,14.2,13.1,,0.3,0.4,0.6,.090,,-1.2,1.1,-0.1,0.2,elliske01
132,Joel Embiid,C,29,PHI,33,1127,35.2,.650,.144,.545,8.6,28.1,18.4,32.1,1.6,4.6,11.5,38.8,,5.2,2.2,7.3,.312,,9.5,3.3,12.8,4.2,embiijo01
133,Drew Eubanks,C,26,PHO,39,609,14.6,.655,.021,.385,10.8,19.2,15.2,8.1,1.0,4.5,18.9,14.7,,0.8,0.7,1.5,.117,,-2.2,0.1,-2.1,0.0,eubandr01
134,Dante Exum,PG,28,DAL,32,631,16.7,.663,.320,.217,3.1,12.5,7.7,20.3,1.4,0.7,10.8,16.8,,1.5,0.4,2.0,.149,,1.1,-0.4,0.7,0.4,exumda01
135,Bruno Fernando,C,25,ATL,13,84,13.0,.537,.111,.704,8.7,25.5,16.8,6.6,1.1,5.2,16.5,20.7,,0.0,0.1,0.0,.019,,-4.4,-0.4,-4.8,-0.1,fernabr01
136,Dorian Finney-Smith,PF,30,BRK,41,1181,9.9,.542,.677,.049,6.4,11.5,8.9,6.4,1.2,1.8,8.5,13.2,,0.7,0.8,1.5,.063,,-1.7,-0.5,-2.2,-0.1,finnedo01
137,Malachi Flynn,PG,25,TOT,39,509,10.3,.539,.587,.187,2.8,12.1,7.4,19.7,1.8,1.0,17.7,16.6,,0.0,0.4,0.4,.039,,-2.8,0.2,-2.6,-0.1,flynnma01
137,Malachi Flynn,PG,25,TOR,31,474,10.1,.535,.584,.161,3.0,12.3,7.6,19.9,1.8,1.1,18.4,16.2,,0.0,0.4,0.3,.035,,-2.8,0.2,-2.6,-0.1,flynnma01
137,Malachi Flynn,PG,25,NYK,8,35,12.8,.575,.615,.462,0.0,9.4,4.7,16.5,1.4,0.0,11.3,21.4,,0.0,0.0,0.1,.098,,-2.4,0.5,-1.9,0.0,flynnma01
138,Simone Fontecchio,SF,28,UTA,44,1005,11.4,.606,.656,.121,4.6,11.6,8.1,8.5,1.3,1.4,12.4,15.6,,0.8,0.6,1.4,.069,,-0.4,-0.8,-1.2,0.2,fontesi01
139,Jordan Ford,PG,25,SAC,6,22,16.5,.761,.429,.286,0.0,10.5,5.1,12.7,0.0,0.0,11.3,17.1,,0.1,0.0,0.1,.149,,3.2,-1.3,1.9,0.0,fordjo01
140,Trent Forrest,SG,25,ATL,18,196,7.0,.397,.130,.217,2.7,12.1,7.2,21.9,1.7,0.4,16.6,12.6,,-0.1,0.1,0.0,-0.009,,-5.1,-0.1,-5.2,-0.2,forretr01
141,Evan Fournier,SG,31,NYK,3,39,2.2,.287,.750,.100,0.0,11.2,5.7,10.1,5.1,0.0,4.6,23.8,,-0.2,0.1,-0.1,-0.102,,-12.2,0.5,-11.7,-0.1,fournev01
142,De'Aaron Fox,PG,26,SAC,37,1317,20.3,.578,.388,.322,2.7,10.3,6.4,25.3,2.1,1.0,9.5,31.3,,2.1,1.2,3.3,.119,,3.1,-0.9,2.2,1.4,foxde01
143,Javon Freeman-Liberty,PG,24,TOR,2,4,8.1,.333,.000,.000,26.9,0.0,13.8,0.0,0.0,0.0,0.0,32.1,,0.0,0.0,0.0,-0.150,,-8.2,-9.5,-17.7,0.0,freemja01
144,Alex Fudge,SF,20,LAL,4,14,-2.0,.291,.333,.333,16.5,0.0,8.0,0.0,0.0,0.0,12.7,24.3,,-0.1,0.0,-0.1,-0.221,,-10.0,-8.1,-18.1,-0.1,fudgeal01
145,Markelle Fultz,PG,25,ORL,13,314,12.2,.501,.029,.106,5.7,8.5,7.1,22.4,2.2,1.5,13.5,17.2,,0.0,0.4,0.4,.067,,-2.2,1.8,-0.4,0.1,fultzma01
146,Daniel Gafford,C,25,WAS,39,1021,19.1,.716,.000,.414,10.4,20.4,15.3,8.1,1.6,6.7,12.7,13.7,,2.4,1.1,3.5,.165,,-0.8,1.0,0.2,0.6,gaffoda01
147,Danilo Gallinari,PF-SF,35,TOT,28,411,14.3,.603,.485,.471,3.1,18.0,10.4,11.7,0.7,0.6,6.8,18.1,,0.7,0.1,0.8,.093,,-0.3,-1.6,-2.0,0.0,gallida01
147,Danilo Gallinari,PF,35,WAS,26,385,13.4,.581,.489,.427,3.3,18.0,10.5,10.7,0.7,0.6,7.2,18.4,,0.5,0.1,0.6,.072,,-0.9,-1.9,-2.9,-0.1,gallida01
147,Danilo Gallinari,SF,35,DET,2,26,28.5,.998,.400,1.600,0.0,17.6,8.6,26.8,0.0,0.0,0.0,13.8,,0.2,0.0,0.2,.398,,9.0,2.3,11.3,0.1,gallida01
148,Darius Garland,PG,24,CLE,20,680,15.6,.573,.324,.283,2.0,6.9,4.5,26.4,2.3,0.5,17.4,27.7,,0.1,0.9,1.0,.072,,0.5,-0.4,0.0,0.3,garlada01
149,Usman Garuba,PF,21,GSW,2,6,4.4,.000,.000,.000,0.0,0.0,0.0,19.0,8.1,0.0,0.0,7.0,,0.0,0.0,0.0,.000,,-7.2,5.6,-1.6,0.0,garubus01
150,Luka Garza,C,25,MIN,9,23,6.0,.384,.313,.500,21.2,18.7,19.9,13.7,0.0,0.0,9.3,41.1,,-0.1,0.0,-0.1,-0.125,,-13.2,-6.5,-19.7,-0.1,garzalu01
151,Kaiser Gates,SF,27,NOP,1,7,-19.6,.000,.500,.000,0.0,15.7,7.9,0.0,0.0,0.0,0.0,24.5,,-0.1,0.0,-0.1,-0.544,,-18.7,-9.9,-28.6,-0.1,gateska01
152,Keyonte George,PG,20,UTA,40,978,10.2,.515,.559,.336,1.5,10.9,6.2,24.4,0.9,0.3,16.4,21.1,,-0.1,0.4,0.3,.017,,-1.7,-2.1,-3.8,-0.4,georgke01
153,Paul George,PF,33,LAC,41,1416,19.0,.606,.480,.211,2.1,15.5,9.0,15.6,2.2,1.0,9.9,27.0,,2.4,1.8,4.2,.142,,2.7,0.2,2.9,1.7,georgpa01
154,Taj Gibson,PF,38,NYK,10,97,6.7,.500,.286,.000,6.9,13.5,10.3,6.5,0.5,5.7,12.5,7.0,,0.0,0.1,0.2,.089,,-5.4,1.6,-3.8,0.0,gibsota01
155,Josh Giddey,SG,21,OKC,44,1093,15.1,.521,.261,.135,6.7,20.6,14.0,25.1,1.4,1.6,15.9,22.9,,0.1,1.6,1.8,.078,,0.2,0.3,0.5,0.7,giddejo01
156,Harry Giles,C,25,BRK,12,67,17.6,.526,.222,.306,14.1,16.5,15.3,7.5,0.7,4.0,8.9,28.6,,0.0,0.1,0.1,.051,,-1.1,-1.7,-2.7,0.0,gilesha01
157,Shai Gilgeous-Alexander,PG,25,OKC,44,1511,30.6,.647,.174,.454,3.0,14.6,9.1,30.5,3.2,2.1,8.1,33.0,,6.8,2.7,9.5,.300,,7.3,2.8,10.1,4.6,gilgesh01
158,Anthony Gill,PF,31,WAS,26,148,12.2,.557,.244,.356,9.3,15.4,12.3,9.9,0.9,3.3,17.4,18.0,,0.0,0.1,0.1,.022,,-3.2,-2.0,-5.1,-0.1,gillan01
159,Collin Gillespie,PG,24,DEN,14,97,8.1,.573,.542,.208,1.2,4.5,2.9,11.5,2.6,0.0,16.0,14.0,,0.0,0.1,0.1,.054,,-5.5,0.6,-4.9,-0.1,gilleco01
160,Jacob Gilyard,PG,25,MEM,28,460,10.5,.555,.821,.011,1.6,5.4,3.5,27.4,1.9,0.6,15.1,10.5,,0.5,0.4,1.0,.100,,-2.2,0.4,-1.8,0.0,gilyaja01
161,Rudy Gobert,C,31,MIN,44,1453,18.3,.649,.006,.643,12.9,29.5,21.7,5.2,0.9,5.6,13.3,15.6,,2.6,3.4,6.0,.198,,-0.4,1.8,1.4,1.2,goberru01
162,Jordan Goodwin,PG,25,PHO,36,546,11.9,.473,.428,.144,8.7,15.4,12.2,19.1,1.9,1.3,12.7,18.1,,0.1,0.6,0.7,.058,,-1.5,0.1,-1.4,0.1,goodwjo01
163,Aaron Gordon,PF,28,DEN,40,1282,15.9,.586,.180,.356,9.3,13.7,11.5,12.8,1.2,1.7,10.3,17.4,,2.1,1.3,3.4,.127,,0.6,-0.3,0.2,0.7,gordoaa01
164,Eric Gordon,SG,35,PHO,37,1125,11.0,.577,.633,.102,1.2,6.6,4.0,10.5,1.5,1.4,10.5,17.3,,0.5,0.8,1.3,.055,,-1.1,-1.1,-2.1,0.0,gordoer01
165,Devonte' Graham,PG,28,SAS,10,88,15.1,.555,.714,.286,2.4,13.6,7.9,28.9,1.6,1.0,8.7,16.4,,0.2,0.1,0.2,.113,,0.3,0.0,0.3,0.1,grahade01
166,Jerami Grant,PF,29,POR,40,1337,15.6,.576,.331,.333,2.0,10.6,6.0,12.9,1.1,2.0,9.7,25.7,,1.2,0.8,1.9,.069,,1.0,-1.1,-0.1,0.7,grantje01
167,A.J. Green,SG,24,MIL,27,205,11.7,.620,.857,.057,2.8,8.2,5.6,10.1,0.0,0.4,0.0,14.8,,0.5,0.0,0.5,.120,,0.8,-2.5,-1.8,0.0,greenaj01
168,Danny Green,SG,36,PHI,2,18,0.8,.000,.500,.000,0.0,12.2,6.1,6.3,2.7,0.0,0.0,4.7,,0.0,0.0,0.0,-0.026,,-7.4,0.8,-6.5,0.0,greenda02
169,Draymond Green,PF,33,GSW,18,455,15.0,.628,.402,.342,5.5,18.3,11.9,30.7,1.3,2.6,24.2,16.4,,0.7,0.4,1.1,.117,,1.2,2.0,3.2,0.6,greendr01
170,Jalen Green,SG,21,HOU,44,1338,13.1,.528,.433,.309,1.3,14.9,8.2,16.1,1.0,0.9,11.5,27.0,,-0.6,1.5,0.9,.034,,-1.0,-1.0,-2.0,0.0,greenja05
171,Jeff Green,PF,37,HOU,42,709,11.4,.636,.312,.535,4.2,9.2,6.7,6.0,0.5,2.8,11.8,14.5,,0.9,0.7,1.6,.108,,-2.0,-0.1,-2.1,0.0,greenje02
172,Josh Green,SG,23,DAL,32,844,9.4,.577,.510,.165,2.7,10.3,6.4,12.3,1.3,0.5,13.3,12.8,,0.5,0.5,1.0,.056,,-2.5,-0.8,-3.2,-0.3,greenjo02
173,AJ Griffin,SF,20,ATL,17,131,2.1,.412,.750,.045,1.6,9.5,5.4,3.9,0.4,0.7,11.8,15.9,,-0.2,0.0,-0.3,-0.094,,-5.4,-3.3,-8.7,-0.2,griffaj01
174,Quentin Grimes,SG,23,NYK,42,833,9.2,.549,.753,.093,1.7,8.3,5.1,7.6,1.7,0.3,7.2,14.8,,0.6,0.9,1.4,.083,,-2.1,0.6,-1.4,0.1,grimequ01
175,Mouhamed Gueye,PF,21,ATL,2,4,-0.6,.000,1.000,.000,0.0,0.0,0.0,0.0,11.8,0.0,0.0,10.3,,0.0,0.0,0.0,-0.113,,-12.9,3.7,-9.2,0.0,gueyemo02
176,Rui Hachimura,PF,25,LAL,32,735,13.3,.573,.335,.231,3.9,12.4,8.3,7.0,1.6,1.0,7.2,19.6,,0.4,0.7,1.1,.074,,-1.5,-0.9,-2.4,-0.1,hachiru01
177,Tyrese Haliburton,PG,23,IND,34,1136,26.3,.632,.497,.241,2.1,12.2,7.1,51.6,1.5,1.5,11.7,26.2,,5.1,0.5,5.6,.238,,9.5,-0.6,8.9,3.1,halibty01
178,R.J. Hampton,PG,22,MIA,8,76,0.8,.336,.571,.143,3.0,6.1,4.5,13.7,0.0,0.0,16.8,10.4,,-0.1,0.0,-0.1,-0.046,,-8.1,-1.5,-9.7,-0.1,hamptrj01
179,Tim Hardaway Jr.,SF,31,DAL,42,1254,13.6,.566,.608,.195,1.3,12.2,6.7,8.3,0.7,0.1,5.8,24.0,,1.1,0.6,1.6,.062,,0.7,-2.8,-2.1,0.0,hardati02
180,James Harden,PG,34,LAC,38,1302,19.8,.646,.575,.429,1.1,14.0,7.8,33.7,1.8,2.3,16.2,20.4,,3.7,1.6,5.3,.195,,4.3,0.8,5.1,2.4,hardeja01
181,Jaden Hardy,SG,21,DAL,40,616,10.0,.489,.512,.153,2.1,12.6,7.3,14.2,1.0,0.3,8.2,23.6,,-0.4,0.3,0.0,-0.003,,-2.5,-2.6,-5.1,-0.5,hardyja02
182,Ron Harper Jr.,PF,23,TOR,1,4,-0.1,,,,0.0,0.0,0.0,28.0,0.0,0.0,,0.0,,0.0,0.0,0.0,.099,,-11.7,3.0,-8.7,0.0,harpero02
183,Gary Harris,SG,29,ORL,27,616,10.0,.573,.701,.201,2.4,6.2,4.3,11.2,1.8,0.7,7.7,12.7,,0.6,0.7,1.3,.102,,-2.2,1.0,-1.2,0.1,harriga01
184,Joe Harris,SG,32,DET,15,158,5.0,.502,.806,.056,2.1,7.3,4.6,8.0,0.9,1.0,9.8,10.9,,0.0,0.0,0.0,-0.001,,-4.5,-1.1,-5.5,-0.1,harrijo01
185,Kevon Harris,SG,26,ORL,1,3,-17.4,,,,0.0,38.5,19.0,0.0,0.0,0.0,100.0,14.3,,0.0,0.0,0.0,-0.391,,-23.7,-3.3,-27.1,0.0,harrike01
186,Tobias Harris,PF,31,PHI,41,1397,16.7,.606,.265,.267,3.2,15.9,9.6,13.8,1.4,1.4,9.2,20.1,,2.4,1.7,4.1,.140,,1.3,-0.2,1.1,1.1,harrito02
187,Shaquille Harrison,SG,30,MEM,3,6,15.7,.500,.000,.000,0.0,37.8,18.3,0.0,0.0,15.4,0.0,14.3,,0.0,0.0,0.0,.094,,-0.8,5.3,4.5,0.0,harrish01
188,Josh Hart,SF,28,NYK,44,1236,10.0,.524,.425,.126,4.9,20.4,12.7,12.4,1.4,0.8,14.7,12.1,,0.5,1.7,2.2,.086,,-2.2,1.4,-0.8,0.4,hartjo01
189,Isaiah Hartenstein,C,25,NYK,43,1099,16.2,.638,.016,.459,14.4,22.3,18.4,10.0,2.2,4.0,18.7,10.5,,2.0,2.1,4.1,.178,,-0.7,2.5,1.9,1.1,harteis01
190,Sam Hauser,SF,26,BOS,44,948,11.7,.622,.857,.047,3.6,13.5,8.8,6.2,0.9,1.1,7.2,13.9,,1.3,1.2,2.5,.124,,0.5,0.2,0.7,0.7,hausesa01
191,Jordan Hawkins,SG,21,NOP,40,869,12.2,.577,.652,.203,2.8,11.0,6.9,9.1,0.8,0.5,7.6,20.1,,0.9,0.7,1.6,.086,,0.1,-1.6,-1.5,0.1,hawkijo01
192,Jaxson Hayes,C,23,LAL,36,341,8.6,.653,.077,.431,5.4,13.9,9.8,4.6,1.0,3.2,18.9,12.0,,0.1,0.4,0.5,.067,,-6.1,0.6,-5.5,-0.3,hayesja02
193,Killian Hayes,PG,22,DET,39,956,10.4,.471,.257,.184,1.3,12.0,6.5,26.7,1.8,1.6,13.8,15.0,,0.0,0.4,0.5,.023,,-3.1,0.2,-2.9,-0.2,hayeski01
194,Gordon Hayward,SF,33,CHO,25,798,14.1,.544,.205,.273,3.3,13.6,8.2,21.7,1.7,1.4,13.3,20.8,,0.3,0.3,0.6,.036,,-1.4,-0.8,-2.2,0.0,haywago01
195,Scoot Henderson,PG,19,POR,36,958,7.3,.460,.330,.251,3.3,9.6,6.2,26.8,1.1,0.8,18.9,25.9,,-2.1,0.4,-1.6,-0.083,,-5.3,-2.5,-7.8,-1.4,hendesc01
196,Taylor Hendricks,PF,20,UTA,13,181,10.4,.520,.603,.138,6.7,10.7,8.7,4.4,2.4,3.4,12.8,16.2,,0.0,0.2,0.1,.036,,-2.5,-0.9,-3.4,-0.1,hendrita01
197,Tyler Herro,SG,24,MIA,26,884,15.7,.554,.442,.137,1.9,16.8,9.2,21.1,1.6,0.2,11.1,28.7,,-0.1,1.0,0.9,.047,,1.3,-0.8,0.6,0.6,herroty01
198,Buddy Hield,SF,31,IND,46,1188,13.2,.594,.697,.071,3.0,11.4,7.2,12.8,1.5,1.9,10.9,18.9,,1.1,0.6,1.6,.065,,1.2,-0.9,0.3,0.7,hieldbu01
199,Haywood Highsmith,PF,27,MIA,31,667,10.3,.568,.589,.146,4.4,11.4,7.8,7.9,2.4,2.3,11.6,12.6,,0.3,0.9,1.2,.085,,-2.2,1.2,-1.0,0.2,highsha01
200,Nate Hinton,SG,24,HOU,6,33,10.6,.636,.455,.000,6.6,19.5,13.1,8.6,0.0,2.8,15.4,17.0,,0.0,0.0,0.1,.094,,-2.2,-0.7,-2.9,0.0,hintona01
201,D'Moi Hodge,SG,25,LAL,7,41,6.1,.441,.800,.133,0.0,0.0,0.0,15.9,1.2,2.2,5.9,17.7,,0.0,0.0,0.0,-0.016,,-3.9,-2.6,-6.5,0.0,hodgedm01
202,Aaron Holiday,PG,27,HOU,42,719,11.3,.593,.554,.153,1.5,10.1,5.9,14.2,1.6,0.4,11.6,16.1,,0.6,0.8,1.4,.093,,-1.9,0.6,-1.3,0.1,holidaa01
203,Jrue Holiday,PG,33,BOS,41,1380,14.0,.578,.447,.125,4.7,14.4,9.8,18.6,1.1,2.0,14.2,17.2,,1.6,1.9,3.5,.123,,0.7,0.9,1.6,1.3,holidjr01
204,Justin Holiday,SG,34,DEN,26,338,9.9,.641,.690,.000,1.4,8.4,5.0,9.1,2.2,0.3,7.8,9.9,,0.4,0.3,0.7,.105,,-2.5,1.0,-1.5,0.0,holidju01
205,Richaun Holmes,C,30,DAL,19,190,13.5,.544,.000,.360,16.4,21.7,19.0,7.0,0.5,3.2,14.7,15.2,,0.2,0.2,0.4,.092,,-2.7,-1.4,-4.0,-0.1,holmeri01
206,Chet Holmgren,C,21,OKC,45,1357,20.6,.638,.349,.276,5.8,20.8,13.7,12.9,1.0,8.0,11.2,21.7,,2.6,2.5,5.1,.179,,2.2,2.0,4.2,2.1,holmgch01
207,Jalen Hood-Schifino,SG,20,LAL,12,85,-1.5,.313,.273,.364,2.7,10.1,6.6,10.4,1.7,1.1,17.3,23.5,,-0.5,0.1,-0.4,-0.215,,-12.4,-3.0,-15.4,-0.3,hoodsja01
208,Al Horford,C,37,BOS,37,1001,14.2,.643,.659,.064,5.6,20.8,13.5,13.8,0.8,3.2,11.7,11.0,,1.9,1.6,3.5,.168,,1.4,2.5,3.9,1.5,horfoal01
209,Talen Horton-Tucker,PG,23,UTA,31,667,13.3,.507,.369,.212,2.0,10.8,6.5,27.8,2.4,1.5,13.2,24.0,,0.1,0.6,0.6,.046,,-1.0,0.2,-0.9,0.2,hortota01
210,Danuel House Jr.,SF,30,PHI,28,385,8.0,.584,.481,.420,3.2,9.1,6.2,7.3,1.3,0.7,15.8,12.6,,0.1,0.4,0.5,.059,,-3.3,-0.6,-3.9,-0.2,houseda01
211,Caleb Houstan,SF,21,ORL,35,560,8.0,.564,.932,.149,4.2,8.3,6.2,5.6,0.9,0.2,7.6,13.1,,0.4,0.5,0.9,.077,,-1.8,-0.7,-2.5,-0.1,houstca01
212,Jett Howard,SF,20,ORL,11,42,8.8,.482,.737,.211,2.7,11.0,6.8,10.7,0.0,2.2,8.8,23.3,,0.0,0.0,0.0,-0.007,,-0.4,-1.8,-2.2,0.0,howarje01
213,Kevin Huerter,SG,25,SAC,41,988,12.9,.565,.618,.099,2.4,15.5,8.8,14.6,1.4,1.3,6.4,17.4,,1.1,0.9,2.0,.096,,-0.2,-0.2,-0.4,0.4,huertke01
214,Jay Huff,C,25,DEN,6,17,3.6,.583,.667,.000,0.0,6.5,3.3,7.9,0.0,0.0,14.3,17.9,,0.0,0.0,0.0,-0.002,,-7.1,-1.8,-9.0,0.0,huffja01
215,De'Andre Hunter,SF,26,ATL,24,727,12.0,.601,.430,.283,2.2,12.9,7.3,6.3,1.3,1.1,11.0,18.9,,0.6,0.2,0.9,.057,,-1.5,-1.3,-2.8,-0.1,huntede01
216,Bones Hyland,PG,23,LAC,17,235,8.4,.503,.519,.111,1.0,6.1,3.6,17.1,1.7,0.4,15.0,24.7,,-0.3,0.2,-0.1,-0.019,,-3.7,-1.9,-5.6,-0.2,hylanbo01
217,Joe Ingles,SF,36,ORL,31,569,10.9,.555,.636,.155,2.8,13.2,7.9,24.4,2.0,0.5,18.4,12.7,,0.4,0.8,1.2,.101,,-1.8,1.6,-0.2,0.3,inglejo01
218,Brandon Ingram,SF,26,NOP,41,1357,17.9,.576,.236,.317,2.0,14.0,8.0,26.7,1.2,1.4,11.8,27.0,,1.8,1.5,3.3,.117,,1.4,-0.4,1.0,1.0,ingrabr01
219,Kyrie Irving,SG,31,DAL,27,900,22.4,.586,.358,.215,2.5,14.3,8.3,25.8,1.9,1.2,7.0,29.4,,2.1,0.8,2.9,.154,,5.3,-0.1,5.2,1.6,irvinky01
220,Jonathan Isaac,PF,26,ORL,27,374,18.8,.577,.422,.344,9.0,23.8,16.3,4.4,2.6,7.1,7.5,18.3,,0.5,0.8,1.3,.172,,0.6,2.7,3.3,0.5,isaacjo01
221,Jaden Ivey,SG,21,DET,40,1059,13.8,.554,.363,.370,5.4,10.5,7.9,20.3,1.4,1.9,15.2,24.1,,0.2,0.4,0.6,.027,,-1.0,-1.6,-2.5,-0.1,iveyja01
222,Andre Jackson Jr.,SG,22,MIL,38,432,9.3,.648,.455,.117,9.5,11.7,10.6,9.8,1.1,0.7,19.0,9.8,,0.6,0.3,0.9,.098,,-2.8,-0.3,-3.1,-0.1,jacksan01
223,Gregory Jackson II,PF,19,MEM,13,173,17.0,.655,.516,.387,5.5,15.7,10.5,6.4,1.1,3.2,8.8,19.7,,0.3,0.2,0.5,.144,,0.9,0.0,0.9,0.1,jacksgg01
224,Isaiah Jackson,C,22,IND,35,469,20.7,.684,.014,.448,12.2,22.3,17.2,8.2,2.2,7.2,12.7,17.3,,1.2,0.6,1.8,.185,,-0.6,2.0,1.5,0.4,jacksis01
225,Jaren Jackson Jr.,C,24,MEM,43,1364,17.5,.563,.325,.360,4.4,15.6,9.9,10.6,1.6,4.7,9.7,29.0,,0.5,2.0,2.5,.088,,-0.1,0.5,0.4,0.8,jacksja02
226,Reggie Jackson,PG,33,DEN,46,1065,13.3,.552,.372,.126,1.8,7.8,4.9,24.4,1.3,0.6,12.5,21.8,,0.7,0.9,1.6,.071,,-0.7,-1.3,-1.9,0.0,jacksre01
227,Trayce Jackson-Davis,PF,23,GSW,31,448,20.3,.677,.000,.447,12.8,20.1,16.4,10.5,1.2,5.4,12.7,17.0,,1.1,0.5,1.6,.171,,0.6,0.6,1.3,0.4,jackstr02
228,LeBron James,PF,39,LAL,41,1407,22.7,.612,.306,.308,3.0,19.5,11.6,35.6,1.9,1.5,14.3,29.7,,2.3,1.8,4.1,.138,,5.2,1.0,6.1,2.9,jamesle01
229,Jaime Jaquez Jr.,SF,22,MIA,39,1179,13.8,.600,.281,.237,4.7,10.2,7.4,13.9,1.8,0.8,12.8,19.6,,1.0,1.2,2.2,.091,,-1.5,-0.2,-1.7,0.1,jaqueja01
230,DaQuan Jeffries,SG,26,NYK,10,30,5.0,.427,.417,.167,0.0,18.2,9.2,9.5,0.0,0.0,7.2,19.6,,-0.1,0.0,0.0,-0.041,,-5.2,-1.5,-6.7,0.0,jeffrda01
231,Trey Jemison,C,24,WAS,2,1,-35.8,,,,0.0,100.0,53.4,0.0,0.0,0.0,100.0,42.2,,0.0,0.0,0.0,-1.190,,-30.4,-3.8,-34.1,0.0,jemistr01
232,Ty Jerome,SG,26,CLE,2,15,7.6,.500,.250,.000,7.5,0.0,3.7,26.8,0.0,0.0,20.0,14.4,,0.0,0.0,0.0,.050,,-4.4,-0.7,-5.0,0.0,jeromty01
233,Isaiah Joe,SG,24,OKC,45,855,13.9,.635,.749,.129,2.4,11.2,7.0,7.9,1.6,1.4,7.7,17.1,,1.2,1.0,2.2,.124,,1.6,-0.1,1.6,0.8,joeis01
234,Cameron Johnson,PF,27,BRK,36,1019,14.5,.575,.543,.138,4.2,13.6,8.8,13.5,1.3,0.5,6.7,19.4,,1.4,0.7,2.1,.099,,1.2,-0.7,0.4,0.6,johnsca02
235,Jalen Johnson,SF,22,ATL,31,1011,16.4,.626,.287,.241,3.7,23.8,13.4,13.5,1.9,2.2,13.8,17.9,,1.2,0.9,2.1,.100,,0.4,0.9,1.2,0.8,johnsja05
236,James Johnson,PF,36,IND,5,24,11.5,.400,.200,.000,4.8,14.5,9.6,23.2,7.8,0.0,28.6,12.1,,0.0,0.0,0.0,.052,,-5.1,4.5,-0.5,0.0,johnsja01
237,Keldon Johnson,SF,24,SAS,43,1320,14.4,.557,.391,.275,4.8,16.0,10.3,15.9,1.2,0.8,9.9,22.8,,0.8,0.8,1.5,.055,,-0.5,-1.5,-2.0,0.0,johnske04
238,Keon Johnson,SG,21,BRK,1,21,16.1,.615,.500,.500,0.0,5.3,2.6,6.6,2.3,4.3,9.3,21.9,,0.0,0.0,0.1,.125,,0.2,-0.9,-0.7,0.0,johnske07
239,Keyontae Johnson,SF,23,OKC,5,35,-1.2,.250,.125,.000,6.8,6.1,6.4,13.1,0.0,0.0,27.3,13.6,,-0.1,0.0,-0.1,-0.133,,-9.4,-2.9,-12.3,-0.1,johnske08
240,Nikola Jokić,C,28,DEN,45,1508,32.2,.663,.166,.325,10.3,29.3,20.0,43.9,1.6,2.3,12.9,29.5,,7.2,2.5,9.8,.310,,10.0,4.4,14.4,6.3,jokicni01
241,Colby Jones,SG,21,SAC,15,110,6.9,.404,.310,.071,9.0,12.6,10.7,10.9,1.7,0.8,10.3,18.6,,-0.2,0.1,-0.1,-0.025,,-6.2,-0.9,-7.1,-0.1,jonesco02
242,Damian Jones,C,28,CLE,20,125,11.7,.619,.250,.286,6.3,15.7,11.0,7.4,1.2,3.6,16.0,12.9,,0.1,0.2,0.3,.117,,-3.7,1.6,-2.0,0.0,jonesda03
243,Derrick Jones Jr.,SF,26,DAL,43,1109,12.4,.600,.514,.231,5.0,10.4,7.7,5.3,1.5,2.9,10.2,15.4,,1.0,0.9,1.9,.081,,-0.8,-0.6,-1.4,0.2,jonesde02
244,Herbert Jones,SF,25,NOP,42,1206,13.6,.620,.438,.270,4.3,9.7,7.1,11.6,2.0,3.2,11.8,15.0,,1.7,1.6,3.2,.128,,-0.4,1.1,0.7,0.8,joneshe01
245,Tre Jones,PG,24,SAS,40,1011,14.5,.582,.296,.205,2.8,10.5,6.6,30.0,1.9,0.4,14.7,15.7,,1.4,0.5,1.9,.092,,-1.0,-0.4,-1.4,0.2,jonestr01
246,Tyus Jones,PG,27,WAS,44,1254,16.9,.588,.367,.067,1.2,9.9,5.5,30.2,1.9,0.8,7.2,16.8,,2.4,0.4,2.8,.109,,1.5,-0.5,0.9,0.9,jonesty01
247,DeAndre Jordan,C,35,DEN,22,273,15.3,.598,.000,.767,15.9,28.1,22.2,8.9,0.9,3.5,19.1,15.8,,0.3,0.4,0.7,.120,,-2.2,-0.1,-2.3,0.0,jordade01
248,Cory Joseph,PG,32,GSW,23,262,5.4,.438,.648,.130,2.1,8.8,5.4,17.4,0.7,1.0,16.2,10.9,,0.0,0.1,0.0,.008,,-4.4,-0.8,-5.2,-0.2,josepco01
249,Nikola Jović,PF,20,MIA,18,316,10.5,.516,.489,.217,6.0,24.0,14.8,16.2,0.9,2.2,15.2,16.6,,0.0,0.4,0.4,.058,,-2.7,1.1,-1.6,0.0,jovicni01
250,Johnny Juzang,SG,22,UTA,1,4,-11.2,.000,1.000,.000,0.0,0.0,0.0,28.5,0.0,0.0,0.0,20.7,,0.0,0.0,0.0,-0.382,,-13.9,-8.4,-22.3,0.0,juzanjo01
251,Luke Kennard,SG,27,MEM,21,517,13.3,.619,.772,.111,1.6,12.9,7.1,19.2,0.9,0.2,10.0,16.5,,0.7,0.5,1.2,.113,,0.9,-0.3,0.6,0.3,kennalu01
252,Walker Kessler,C,22,UTA,38,904,17.6,.646,.073,.274,11.8,22.6,17.3,4.6,1.0,10.0,13.4,13.0,,1.2,1.4,2.6,.136,,-0.8,1.9,1.1,0.7,kesslwa01
253,Braxton Key,SF,26,DEN,13,44,13.7,.463,.286,.357,5.2,20.0,12.7,22.6,2.2,0.0,5.8,17.0,,0.0,0.1,0.1,.117,,-1.4,0.8,-0.7,0.0,keybr01
254,Corey Kispert,SF,24,WAS,43,928,12.3,.615,.614,.222,1.6,9.3,5.4,9.3,0.8,0.6,10.0,20.0,,0.6,0.0,0.6,.033,,-0.6,-2.6,-3.2,-0.3,kispeco01
255,Maxi Kleber,C,32,DAL,10,190,6.5,.478,.588,.382,4.5,15.2,9.8,11.4,0.5,3.2,18.5,10.9,,0.0,0.1,0.1,.026,,-4.4,0.4,-4.0,-0.1,klebima01
256,Kevin Knox,SF,24,DET,26,484,10.7,.583,.518,.116,3.4,11.8,7.5,5.5,1.1,1.2,8.5,16.4,,0.3,0.1,0.4,.040,,-2.0,-1.9,-3.9,-0.2,knoxke01
257,John Konchar,SF,27,MEM,36,639,11.1,.499,.597,.101,6.5,18.1,12.1,12.1,2.0,4.6,13.9,9.7,,0.2,1.1,1.3,.095,,-2.7,2.5,-0.2,0.3,konchjo01
258,Furkan Korkmaz,SG,26,PHI,28,197,6.7,.455,.469,.224,0.6,8.3,4.5,9.6,3.0,0.4,12.9,13.3,,-0.2,0.3,0.1,.017,,-5.2,1.4,-3.9,-0.1,korkmfu01
259,Luke Kornet,C,28,BOS,32,481,18.9,.739,.000,.286,13.2,14.0,13.6,8.1,1.3,5.9,12.0,11.2,,1.5,0.8,2.3,.232,,1.1,2.3,3.4,0.7,kornelu01
260,Jonathan Kuminga,PF,21,GSW,41,961,16.6,.605,.252,.377,5.2,15.2,10.2,10.3,1.3,1.4,10.8,23.8,,1.2,0.7,1.9,.096,,0.1,-0.9,-0.8,0.3,kuminjo01
261,Kyle Kuzma,PF,28,WAS,44,1382,15.9,.545,.361,.171,3.5,19.0,11.1,22.3,0.6,1.6,12.1,30.6,,-0.7,0.5,-0.2,-0.006,,0.5,-2.2,-1.7,0.1,kuzmaky01
262,Jock Landale,C,28,HOU,26,243,10.9,.458,.283,.250,14.4,9.7,12.0,8.2,1.4,3.9,11.9,13.4,,0.1,0.3,0.4,.079,,-3.4,-0.2,-3.5,-0.1,landajo01
263,Jake LaRavia,PF,22,MEM,11,122,4.9,.447,.558,.093,6.1,8.4,7.2,7.3,0.4,0.8,8.2,17.1,,-0.1,0.1,0.0,-0.016,,-6.9,-1.7,-8.5,-0.2,laravja01
264,Zach LaVine,SG,28,CHI,25,872,15.2,.578,.449,.274,1.0,15.9,8.2,17.1,1.2,0.9,11.0,23.8,,0.7,0.8,1.5,.084,,0.6,-0.6,0.1,0.4,lavinza01
265,A.J. Lawson,SG,23,DAL,20,194,12.9,.575,.507,.217,5.0,9.8,7.3,7.8,2.2,0.9,10.6,18.5,,0.1,0.2,0.3,.068,,-1.9,-1.0,-3.0,0.0,lawsoaj01
266,Saben Lee,PG,24,PHO,11,75,15.7,.544,.238,.810,8.1,10.2,9.2,21.3,2.0,3.5,14.9,19.4,,0.1,0.1,0.2,.114,,-0.5,0.5,-0.1,0.0,leesa01
267,Alex Len,C,30,SAC,17,149,15.5,.599,.069,.345,17.0,25.5,21.1,16.4,1.0,4.9,24.8,12.6,,0.2,0.2,0.4,.129,,-1.9,1.6,-0.2,0.1,lenal01
268,Kawhi Leonard,SF,32,LAC,39,1349,23.0,.629,.298,.251,3.6,16.3,10.2,16.9,2.3,2.3,7.8,25.6,,3.7,1.9,5.6,.200,,4.8,1.1,5.9,2.7,leonaka01
269,Caris LeVert,SG,29,CLE,33,947,14.6,.527,.417,.252,1.9,11.7,6.9,21.2,1.8,1.2,9.4,24.6,,0.5,1.4,1.8,.093,,-0.5,0.5,0.0,0.5,leverca01
270,Kira Lewis Jr.,PG,22,TOT,16,146,5.5,.387,.385,.212,3.0,7.5,5.3,15.9,1.7,0.7,12.3,19.1,,-0.3,0.1,-0.1,-0.044,,-6.6,-0.9,-7.5,-0.2,lewiski01
270,Kira Lewis Jr.,PG,22,NOP,15,144,5.7,.387,.385,.212,3.1,7.6,5.4,16.1,1.7,0.7,12.3,19.3,,-0.3,0.1,-0.1,-0.044,,-6.3,-1.0,-7.3,-0.2,lewiski01
270,Kira Lewis Jr.,PG,22,TOR,1,2,-7.4,,,,0.0,0.0,0.0,0.0,0.0,0.0,,0.0,,0.0,0.0,0.0,.000,,-22.1,0.0,-22.2,0.0,lewiski01
271,Maxwell Lewis,SF,21,LAL,15,61,-2.3,.250,.300,.000,1.9,3.5,2.7,5.8,1.6,0.0,33.3,10.6,,-0.2,0.0,-0.2,-0.141,,-9.1,-2.3,-11.4,-0.1,lewisma05
272,E.J. Liddell,PF,23,NOP,7,20,3.7,.291,.833,.333,0.0,16.5,8.3,6.0,4.9,9.8,22.5,19.1,,-0.1,0.1,0.0,-0.120,,-9.3,4.5,-4.8,0.0,liddeej01
273,Damian Lillard,PG,33,MIL,42,1484,20.4,.597,.492,.457,1.7,11.1,6.6,26.8,1.4,0.3,10.4,28.2,,3.9,1.0,4.8,.156,,3.6,-1.5,2.1,1.6,lillada01
274,Nassir Little,SF,23,PHO,26,372,10.9,.602,.547,.211,4.6,13.5,9.3,5.8,1.3,1.9,10.4,13.5,,0.3,0.3,0.7,.086,,-1.9,-0.5,-2.4,0.0,littlna01
275,Dereck Lively II,C,19,DAL,34,863,17.2,.726,.011,.249,12.1,21.5,16.7,7.2,1.2,5.0,16.0,12.0,,1.9,1.0,3.0,.164,,-0.8,0.4,-0.4,0.4,livelde01
276,Isaiah Livers,PF,25,DET,23,469,5.1,.460,.664,.155,3.5,8.1,5.7,6.8,1.3,0.9,11.4,12.6,,-0.3,0.1,-0.2,-0.024,,-5.1,-1.5,-6.6,-0.5,liveris01
277,Chris Livingston,SF,20,MIL,12,58,10.5,.660,.083,.167,3.9,18.1,11.3,8.6,1.6,0.0,18.9,11.6,,0.0,0.1,0.1,.082,,-3.2,-0.7,-3.8,0.0,livinch01
278,Kenneth Lofton Jr.,PF,21,TOT,16,103,6.5,.428,.256,.385,2.1,16.4,9.1,20.4,1.4,2.7,14.9,22.3,,-0.2,0.1,-0.1,-0.049,,-6.7,0.4,-6.3,-0.1,loftoke01
278,Kenneth Lofton Jr.,PF,21,MEM,15,99,8.3,.447,.270,.405,2.1,14.9,8.3,21.2,1.5,2.8,12.1,21.5,,-0.1,0.1,0.0,-0.007,,-5.4,0.9,-4.5,-0.1,loftoke01
278,Kenneth Lofton Jr.,PF,21,PHI,1,4,-37.1,.000,.000,.000,0.0,54.8,27.5,0.0,0.0,0.0,50.0,42.5,,-0.1,0.0,-0.1,-1.100,,-39.2,-11.3,-50.5,0.0,loftoke01
279,Kevon Looney,C,27,GSW,42,845,15.9,.645,.000,.346,13.7,24.3,19.0,15.3,1.3,1.5,14.7,10.5,,2.1,0.8,2.9,.165,,0.2,1.1,1.3,0.7,looneke01
280,Brook Lopez,C,35,MIL,45,1425,14.9,.589,.479,.186,6.0,13.3,9.8,6.7,0.9,7.3,7.9,15.7,,1.7,1.6,3.4,.114,,-0.1,1.0,0.9,1.0,lopezbr01
281,Robin Lopez,C,35,MIL,12,33,9.6,.635,.714,.286,3.4,6.4,5.0,10.9,0.0,2.5,11.3,11.4,,0.1,0.0,0.1,.093,,-1.5,-1.6,-3.0,0.0,lopezro01
282,Kevin Love,PF,35,MIA,34,623,18.7,.598,.682,.361,7.0,33.9,20.2,19.8,1.0,0.8,9.1,21.0,,1.3,0.9,2.3,.174,,3.1,0.7,3.7,0.9,loveke01
283,Kyle Lowry,PG,37,MIA,37,1037,10.8,.582,.665,.174,2.7,11.7,7.1,19.7,1.9,1.4,16.9,13.3,,0.7,1.2,1.9,.088,,-2.1,1.0,-1.0,0.3,lowryky01
284,Seth Lundy,SF,23,ATL,9,52,0.1,.373,.765,.235,2.0,13.0,7.3,0.0,0.0,0.0,5.1,15.6,,-0.1,0.0,-0.1,-0.093,,-7.9,-5.1,-12.9,-0.1,lundyse01
285,Trey Lyles,PF,28,SAC,29,584,11.3,.599,.732,.204,5.1,21.7,13.2,8.4,0.4,1.2,9.0,13.7,,0.7,0.5,1.1,.091,,-0.4,-0.8,-1.2,0.1,lylestr01
286,Théo Maledon,PG,22,CHO,13,200,3.9,.379,.455,.182,2.1,11.2,6.4,18.7,1.7,0.0,17.4,18.7,,-0.5,0.0,-0.5,-0.111,,-7.9,-2.0,-9.9,-0.4,maledth01
287,Sandro Mamukelashvili,C,24,SAS,26,177,14.5,.515,.542,.271,9.6,20.9,15.2,19.2,1.1,3.9,10.8,17.5,,0.2,0.2,0.3,.084,,-1.1,0.2,-0.9,0.1,mamuksa01
288,Terance Mann,SG,27,LAC,37,931,9.9,.546,.477,.169,5.5,8.8,7.2,9.2,1.2,1.1,8.6,13.0,,0.8,0.8,1.6,.082,,-1.9,-0.4,-2.3,-0.1,mannte01
289,Tre Mann,PG,22,OKC,13,119,14.1,.606,.475,.025,4.0,17.9,11.3,22.0,1.2,0.0,18.2,18.0,,0.1,0.1,0.3,.102,,0.4,-0.2,0.2,0.1,manntr01
290,Boban Marjanović,C,35,HOU,8,44,12.2,.409,.105,.211,12.4,31.7,22.1,13.5,0.0,2.1,4.6,21.3,,0.0,0.1,0.0,.032,,-3.5,-1.9,-5.4,0.0,marjabo01
291,Lauri Markkanen,PF,26,UTA,36,1171,23.1,.642,.497,.336,8.0,20.9,14.5,9.3,1.4,1.6,6.1,25.1,,3.8,1.1,4.9,.200,,6.0,-0.9,5.1,2.1,markkla01
292,Naji Marshall,SF,26,NOP,36,660,13.2,.570,.407,.301,6.2,14.8,10.5,14.2,1.8,0.9,13.8,17.9,,0.6,0.8,1.4,.101,,-1.2,-0.2,-1.3,0.1,marshna01
293,Caleb Martin,SF,28,MIA,28,746,11.7,.539,.361,.202,5.1,15.5,10.2,12.6,1.5,1.0,11.3,18.3,,0.1,0.8,1.0,.063,,-1.9,-0.4,-2.3,-0.1,martica02
294,Cody Martin,SF,28,CHO,13,330,8.5,.428,.409,.183,4.2,9.3,6.6,12.2,2.7,3.0,11.5,14.9,,-0.3,0.2,-0.1,-0.017,,-4.7,0.8,-3.9,-0.2,martico01
295,KJ Martin,SF,23,TOT,29,226,7.9,.508,.164,.291,3.5,8.7,6.1,8.7,2.6,0.4,11.4,13.2,,0.0,0.3,0.2,.053,,-6.1,0.6,-5.5,-0.2,martike04
295,KJ Martin,SF,23,LAC,2,31,6.9,.460,.500,.200,3.8,7.1,5.5,4.2,3.2,2.9,15.5,18.1,,-0.1,0.0,0.0,-0.025,,-6.9,0.6,-6.3,0.0,martike04
295,KJ Martin,SF,23,PHI,27,195,8.0,.518,.089,.311,3.4,9.0,6.2,9.4,2.5,0.0,10.5,12.5,,0.0,0.2,0.3,.065,,-5.9,0.6,-5.3,-0.2,martike04
296,Garrison Mathews,SG,27,ATL,31,403,7.2,.678,.940,.108,2.1,8.7,5.2,5.0,0.9,0.6,14.7,10.4,,0.3,0.0,0.3,.041,,-2.7,-1.2,-3.8,-0.2,mathega01
297,Bennedict Mathurin,SF,21,IND,46,1170,12.7,.560,.315,.315,4.8,12.4,8.6,9.8,1.0,0.6,11.2,23.0,,0.6,0.3,0.9,.037,,-1.3,-2.5,-3.7,-0.5,mathube01
298,Wesley Matthews,SG,37,ATL,19,213,4.7,.422,.769,.487,2.0,11.6,6.6,6.7,2.0,1.6,11.2,10.3,,-0.1,0.1,0.0,-0.003,,-5.9,0.1,-5.8,-0.2,matthwe02
299,Tyrese Maxey,PG,23,PHI,42,1573,20.1,.578,.419,.293,1.7,8.9,5.3,27.2,1.3,1.3,6.6,27.0,,4.0,1.6,5.5,.169,,4.4,-0.9,3.5,2.2,maxeyty01
300,Skylar Mays,PG-SG,26,TOT,24,382,12.5,.473,.345,.115,2.8,9.1,5.7,31.2,2.0,0.7,10.4,19.2,,0.1,0.3,0.4,.044,,-1.7,-0.4,-2.0,0.0,mayssk01
300,Skylar Mays,PG,26,POR,21,356,11.8,.457,.355,.123,2.7,9.5,5.8,31.8,1.9,0.8,11.0,19.4,,0.0,0.2,0.2,.030,,-2.0,-0.6,-2.6,-0.1,mayssk01
300,Skylar Mays,SG,26,LAL,3,26,22.0,.700,.200,.000,4.4,4.1,4.3,23.4,3.7,0.0,0.0,16.6,,0.1,0.0,0.1,.247,,3.0,2.5,5.5,0.1,mayssk01
301,Miles McBride,PG,23,NYK,32,315,14.0,.607,.613,.101,1.4,6.6,4.0,13.7,2.2,0.9,7.4,18.1,,0.6,0.4,0.9,.144,,0.3,1.5,1.8,0.3,mcbrimi01
302,CJ McCollum,PG,32,NOP,31,993,19.3,.607,.533,.174,2.2,12.8,7.6,22.9,1.9,2.5,8.9,23.8,,2.0,1.3,3.3,.160,,4.0,0.7,4.8,1.7,mccolcj01
303,T.J. McConnell,PG,31,IND,38,646,18.6,.552,.067,.173,3.4,14.0,8.6,41.7,2.9,0.5,17.0,21.2,,1.1,0.5,1.6,.117,,1.3,0.1,1.4,0.6,mccontj01
304,Jaden McDaniels,SF,23,MIN,35,1004,9.9,.602,.377,.105,2.8,7.5,5.3,6.3,1.5,1.6,11.6,15.8,,0.3,1.5,1.8,.087,,-2.9,0.8,-2.1,0.0,mcdanja02
305,Jalen McDaniels,SF,26,TOR,28,246,5.9,.415,.500,.222,3.1,11.9,7.4,7.4,2.0,1.1,7.5,18.6,,-0.4,0.2,-0.2,-0.036,,-6.7,-0.8,-7.5,-0.3,mcdanja01
306,Doug McDermott,SF,32,SAS,40,619,9.5,.625,.797,.080,1.2,6.2,3.6,11.4,0.8,0.3,10.6,14.7,,0.4,0.1,0.5,.040,,-1.2,-2.0,-3.2,-0.2,mcderdo01
307,JaVale McGee,C,36,SAC,33,269,19.1,.648,.030,.404,13.1,28.3,20.5,7.8,1.4,6.4,21.0,23.3,,0.1,0.4,0.5,.098,,-2.0,0.8,-1.2,0.1,mcgeeja01
308,Bryce McGowens,SG,21,CHO,35,577,7.8,.573,.479,.279,2.2,9.8,5.8,7.5,0.8,0.5,11.3,13.3,,0.2,0.0,0.2,.016,,-4.1,-1.8,-5.9,-0.6,mcgowbr01
309,Jordan McLaughlin,PG,27,MIN,24,212,14.3,.495,.536,.107,4.0,8.6,6.5,26.5,3.9,2.1,12.0,13.8,,0.2,0.5,0.7,.147,,0.2,4.4,4.6,0.4,mclaujo01
310,De'Anthony Melton,SG,25,PHI,33,959,13.1,.540,.588,.229,3.1,12.0,7.6,14.7,2.7,1.4,9.5,17.7,,0.7,1.4,2.1,.106,,-0.7,1.2,0.5,0.6,meltode01
311,Nathan Mensah,C,25,CHO,19,260,5.2,.513,.000,.522,10.2,14.6,12.3,4.3,0.9,4.2,31.5,6.9,,0.0,0.1,0.1,.017,,-8.8,-0.1,-8.8,-0.4,mensana01
312,Sam Merrill,SG,27,CLE,28,466,15.4,.624,.860,.057,3.4,10.5,7.0,14.1,0.9,0.2,4.8,19.2,,1.1,0.5,1.6,.164,,2.7,-0.4,2.4,0.5,merrisa01
313,Chimezie Metu,C,26,PHO,34,431,14.4,.624,.405,.341,6.5,21.0,14.2,5.8,2.0,1.8,14.2,17.0,,0.4,0.6,1.0,.111,,-1.3,0.2,-1.2,0.1,metuch01
314,Vasilije Micić,PG,30,OKC,25,302,8.6,.505,.480,.187,0.4,6.3,3.5,24.4,1.4,0.9,19.8,14.5,,0.0,0.3,0.3,.043,,-3.7,-0.7,-4.4,-0.2,micicva01
315,Khris Middleton,SF,32,MIL,39,1019,17.0,.587,.388,.200,2.8,14.7,9.0,27.2,1.7,0.9,14.0,23.9,,1.4,0.9,2.2,.106,,1.1,-0.4,0.7,0.7,middlkh01
316,Brandon Miller,SF,21,CHO,37,1125,11.4,.544,.433,.159,3.0,12.0,7.3,11.1,1.0,1.4,10.3,21.6,,-0.1,0.2,0.1,.006,,-1.9,-2.1,-4.0,-0.6,millebr02
317,Jordan Miller,SF,24,LAC,4,16,12.1,.700,.200,.000,14.8,6.9,10.7,0.0,0.0,0.0,16.7,16.3,,0.0,0.0,0.0,.085,,-1.0,-4.5,-5.4,0.0,millejo02
318,Leonard Miller,SF,20,MIN,5,19,25.8,.722,.333,.000,0.0,50.9,27.1,9.8,2.6,4.6,10.0,23.1,,0.0,0.1,0.1,.228,,1.7,6.4,8.1,0.0,millele01
319,Dariq Whitehead,SF,19,BRK,2,24,4.9,.255,.600,.400,0.0,18.4,9.0,15.2,0.0,3.8,0.0,10.5,,0.0,0.0,0.0,-0.030,,-5.7,-2.3,-8.0,0.0,whiteda01
320,Patty Mills,PG,35,ATL,14,159,8.0,.583,.643,.000,2.0,7.1,4.4,9.7,1.8,0.5,14.3,12.6,,0.1,0.0,0.1,.030,,-3.2,-0.1,-3.3,0.0,millspa02
321,Shake Milton,SG,27,MIN,35,464,8.3,.496,.349,.295,1.8,9.5,5.9,14.3,1.7,0.9,13.8,18.5,,-0.3,0.7,0.4,.042,,-4.9,0.8,-4.1,-0.2,miltosh01
322,Justin Minaya,SF,24,POR,12,115,5.6,.398,.650,.300,4.6,8.4,6.3,5.7,1.7,3.9,11.7,9.4,,-0.1,0.1,0.0,.001,,-5.1,0.2,-4.9,-0.1,minayju01
323,Josh Minott,SF,21,MIN,15,46,15.7,.558,.278,.667,2.7,4.7,3.7,9.6,1.1,5.7,4.1,23.2,,0.1,0.1,0.2,.157,,-2.0,1.1,-0.8,0.0,minotjo01
324,Davion Mitchell,PG,25,SAC,33,412,6.7,.462,.516,.145,1.6,7.3,4.4,18.5,0.7,0.4,10.8,15.2,,-0.1,0.2,0.1,.013,,-4.5,-1.2,-5.7,-0.4,mitchda01
325,Donovan Mitchell,SG,27,CLE,34,1209,22.5,.584,.428,.284,3.2,13.8,8.5,28.5,2.6,1.1,10.7,32.3,,2.3,2.1,4.3,.172,,4.8,1.6,6.4,2.6,mitchdo01
326,Evan Mobley,PF,22,CLE,21,705,18.0,.607,.040,.262,8.9,25.3,17.2,12.8,1.2,4.4,14.8,19.9,,0.8,1.4,2.2,.148,,-0.5,2.0,1.5,0.6,mobleev01
327,Isaiah Mobley,PF,24,CLE,3,14,16.0,.625,.500,.000,0.0,15.5,7.9,38.8,3.5,0.0,20.0,15.4,,0.0,0.0,0.1,.188,,0.6,4.5,5.1,0.0,mobleis01
328,Malik Monk,SG,25,SAC,42,1086,16.1,.579,.543,.244,1.6,9.9,5.6,29.9,1.2,2.3,14.1,24.4,,1.4,0.8,2.2,.097,,2.3,-0.8,1.5,0.9,monkma01
329,Moses Moody,SG,21,GSW,34,611,14.8,.601,.477,.257,6.7,12.0,9.4,6.5,1.8,1.5,8.9,18.7,,0.9,0.5,1.3,.103,,0.7,-0.1,0.6,0.4,moodymo01
330,Xavier Moon,SG,29,LAC,2,12,6.9,.500,.500,.000,0.0,18.4,9.5,30.6,0.0,0.0,33.3,10.9,,0.0,0.0,0.0,.028,,-3.4,1.1,-2.3,0.0,moonxa01
331,Taze Moore,SG,25,POR,2,5,18.1,.500,.500,.000,0.0,0.0,0.0,0.0,9.7,0.0,0.0,33.8,,0.0,0.0,0.0,.053,,-8.6,5.3,-3.3,0.0,mooreta02
332,Wendell Moore Jr.,SG,22,MIN,11,31,9.6,.600,.400,.000,0.0,10.4,5.5,4.3,6.3,2.8,28.6,9.9,,0.0,0.1,0.1,.083,,-6.1,6.9,0.9,0.0,moorewe01
333,Ja Morant,PG,24,MEM,9,318,20.4,.570,.300,.376,2.0,15.7,8.6,41.2,1.1,1.5,12.0,30.3,,0.5,0.4,0.8,.126,,2.7,0.5,3.1,0.4,moranja01
334,Marcus Morris,PF,34,PHI,33,539,11.0,.572,.461,.192,3.7,15.7,9.7,5.7,1.0,1.6,6.7,15.3,,0.5,0.6,1.1,.099,,-1.7,-0.8,-2.5,-0.1,morrima03
335,Markieff Morris,PF,34,DAL,16,150,5.4,.431,.596,.085,2.9,17.8,10.2,9.2,1.6,0.6,15.6,16.4,,-0.3,0.1,-0.1,-0.042,,-5.0,-1.4,-6.4,-0.2,morrima02
336,Monte Morris,PG,28,DET,1,11,30.6,.875,.250,.000,0.0,31.2,15.2,45.5,0.0,0.0,0.0,15.3,,0.1,0.0,0.1,.358,,8.6,4.2,12.8,0.0,morrimo01
337,Trey Murphy III,SF,23,NOP,21,539,14.8,.587,.702,.240,1.9,14.5,8.2,10.5,1.4,1.3,4.6,19.2,,0.8,0.6,1.4,.129,,1.3,-0.6,0.8,0.4,murphtr02
338,Dejounte Murray,SG,27,ATL,45,1567,17.0,.567,.352,.179,2.1,13.9,7.8,22.3,1.8,0.7,10.6,24.9,,1.9,0.7,2.6,.079,,1.6,-1.0,0.7,1.1,murrade01
339,Jamal Murray,PG,26,DEN,32,1001,20.2,.580,.345,.198,2.2,11.6,7.0,31.2,1.2,1.7,9.9,27.7,,2.0,1.0,3.0,.144,,4.2,-0.6,3.6,1.4,murraja01
340,Keegan Murray,SF,23,SAC,39,1284,14.1,.578,.502,.135,4.6,14.6,9.5,6.8,1.7,1.5,5.8,19.0,,1.3,1.2,2.6,.097,,-0.3,-0.7,-1.0,0.3,murrake02
341,Kris Murray,SF,23,POR,27,338,8.9,.464,.526,.124,5.6,11.4,8.3,6.7,3.0,1.1,11.3,14.4,,-0.2,0.3,0.1,.017,,-4.1,0.7,-3.4,-0.1,murrakr01
342,Mike Muscala,C,32,TOT,28,396,8.9,.510,.606,.212,7.2,16.8,12.0,8.6,0.7,2.1,13.0,13.9,,0.0,0.1,0.1,.014,,-3.5,-1.5,-5.0,-0.3,muscami01
342,Mike Muscala,C,32,WAS,24,338,7.6,.481,.567,.222,6.9,17.0,11.9,8.1,0.7,1.7,13.9,14.3,,-0.2,0.1,-0.1,-0.011,,-4.5,-1.8,-6.4,-0.4,muscami01
342,Mike Muscala,C,32,DET,4,58,16.7,.706,.857,.143,9.4,15.8,12.5,11.5,0.8,4.3,6.3,11.5,,0.2,0.0,0.2,.158,,2.5,0.5,3.0,0.1,muscami01
343,Svi Mykhailiuk,SF,26,BOS,20,153,5.3,.440,.792,.113,3.6,8.0,5.9,5.0,1.9,0.0,9.7,17.3,,-0.2,0.2,0.0,-0.006,,-5.8,-1.1,-7.0,-0.2,mykhasv01
344,Larry Nance Jr.,C,31,NOP,28,498,16.8,.686,.296,.259,8.3,24.0,16.2,9.8,2.8,2.4,16.0,12.4,,0.9,0.9,1.8,.171,,0.6,2.5,3.1,0.6,nancela02
345,Pete Nance,PF,23,CLE,2,4,-18.7,.000,.000,.000,0.0,0.0,0.0,0.0,0.0,0.0,0.0,21.6,,0.0,0.0,0.0,-0.482,,-19.5,-8.9,-28.4,0.0,nancepe01
346,Andrew Nembhard,PG,24,IND,32,684,11.7,.560,.268,.110,3.0,5.9,4.5,26.5,1.9,0.2,20.1,19.5,,0.2,0.2,0.4,.028,,-1.7,-1.4,-3.1,-0.2,nembhan01
347,Aaron Nesmith,SF,24,IND,41,1065,13.6,.654,.543,.199,4.1,12.0,8.0,5.5,1.9,2.0,8.7,16.0,,1.6,0.7,2.2,.100,,0.3,-0.2,0.1,0.6,nesmiaa01
348,Georges Niang,PF,30,CLE,43,958,10.2,.575,.625,.100,1.8,17.0,9.5,7.7,0.6,0.8,8.8,17.5,,0.5,1.2,1.7,.085,,-2.3,0.0,-2.3,-0.1,niangge01
349,Daishen Nix,PG,21,MIN,6,21,6.6,.450,.625,.250,0.0,5.1,2.7,0.0,2.3,0.0,0.0,18.6,,0.0,0.0,0.0,-0.006,,-4.8,0.2,-4.6,0.0,nixda01
350,Zeke Nnaji,PF,23,DEN,36,339,11.3,.533,.182,.443,13.2,12.0,12.6,7.0,1.3,5.1,17.9,16.4,,0.0,0.4,0.5,.068,,-4.6,-0.2,-4.8,-0.2,nnajize01
351,Jaylen Nowell,SG,24,MEM,9,156,6.6,.453,.418,.055,2.0,8.0,4.9,15.3,0.9,0.0,8.2,16.8,,-0.1,0.1,0.0,-0.002,,-6.0,-1.5,-7.4,-0.2,nowelja01
352,Markquis Nowell,SG,24,TOR,1,4,55.7,.532,.000,2.000,53.9,0.0,27.5,56.1,12.1,0.0,0.0,20.1,,0.0,0.0,0.1,.682,,29.0,14.5,43.5,0.0,nowelma01
353,Frank Ntilikina,PG,25,CHO,3,22,2.7,.512,1.000,.500,0.0,5.4,2.5,5.7,0.0,0.0,17.0,11.6,,0.0,0.0,0.0,-0.046,,-7.3,-4.4,-11.8,-0.1,ntilila01
354,Jusuf Nurkić,C,29,PHO,43,1178,17.3,.562,.204,.361,11.7,30.5,21.6,18.4,1.7,3.3,16.6,19.5,,1.2,1.9,3.2,.130,,-0.8,1.3,0.6,0.8,nurkiju01
355,Jordan Nwora,SF,25,TOT,20,195,11.1,.534,.465,.128,5.2,14.9,10.0,12.5,1.4,0.4,13.4,22.3,,-0.1,0.1,0.0,.007,,-2.2,-2.5,-4.8,-0.1,nworajo01
355,Jordan Nwora,SF,25,IND,18,183,12.1,.541,.439,.134,5.0,15.8,10.4,12.7,1.5,0.4,12.1,22.4,,0.0,0.1,0.1,.024,,-1.8,-2.3,-4.1,-0.1,nworajo01
355,Jordan Nwora,SF,25,TOR,2,12,-3.8,.375,1.000,.000,9.0,0.0,4.6,10.3,0.0,0.0,33.3,21.4,,-0.1,0.0,-0.1,-0.244,,-8.7,-6.0,-14.7,0.0,nworajo01
356,Royce O'Neale,SF,30,BRK,43,1055,10.1,.526,.810,.072,3.5,17.0,10.0,16.0,1.4,2.2,13.5,13.5,,0.4,1.0,1.4,.064,,-1.6,1.0,-0.7,0.4,onealro01
357,Chuma Okeke,SF,25,ORL,27,357,8.7,.504,.742,.054,5.7,17.1,11.3,6.5,1.0,1.8,10.4,12.8,,0.0,0.5,0.4,.058,,-1.9,0.0,-1.9,0.0,okekech01
358,Josh Okogie,SG,25,PHO,39,717,11.2,.520,.467,.546,8.5,9.0,8.7,9.0,2.5,2.2,10.9,12.8,,0.6,0.8,1.4,.092,,-2.2,1.0,-1.1,0.2,okogijo01
359,Onyeka Okongwu,C,23,ATL,44,1089,15.4,.651,.182,.349,10.6,19.2,14.8,7.6,0.8,3.5,11.4,13.2,,2.3,0.6,2.9,.129,,-0.9,-0.5,-1.4,0.2,okongon01
360,Isaac Okoro,SF,23,CLE,34,891,11.2,.581,.385,.349,5.4,8.3,6.9,9.8,1.5,1.4,10.0,13.5,,1.0,1.2,2.1,.115,,-2.3,1.2,-1.0,0.2,okorois01
361,Kelly Olynyk,C,32,UTA,44,908,16.8,.671,.329,.312,6.9,19.6,13.3,28.3,1.9,1.2,21.5,15.7,,1.9,0.9,2.8,.151,,0.9,1.7,2.6,1.1,olynyke01
362,Eugene Omoruyi,SF,26,WAS,19,110,24.7,.662,.309,.382,10.5,16.7,13.6,16.4,3.8,0.7,12.3,28.1,,0.3,0.1,0.4,.167,,3.1,0.7,3.8,0.2,omorueu01
363,Cedi Osman,SF,28,SAS,45,800,12.0,.599,.548,.183,2.2,13.5,7.8,13.9,1.2,0.8,9.0,15.7,,0.7,0.4,1.1,.069,,-1.3,-0.7,-2.1,0.0,osmande01
364,Kelly Oubre Jr.,SF,28,PHI,31,838,12.9,.568,.443,.227,3.7,13.1,8.4,5.2,2.2,1.6,7.4,18.6,,0.5,1.2,1.7,.098,,-1.4,-0.1,-1.5,0.1,oubreke01
365,Chris Paul,PG,38,GSW,32,882,14.4,.543,.486,.171,1.2,13.8,7.5,34.3,2.0,0.3,12.6,14.4,,1.7,0.7,2.4,.128,,0.1,0.8,0.9,0.6,paulch01
366,Cameron Payne,PG,29,MIL,41,621,12.2,.619,.595,.205,0.5,7.8,4.3,19.1,1.2,0.4,12.0,16.4,,1.0,0.3,1.3,.100,,-1.0,-0.9,-1.9,0.0,payneca01
367,Gary Payton II,SG,31,GSW,16,261,11.3,.524,.405,.114,6.7,13.5,10.0,6.7,3.2,1.7,10.8,15.0,,0.0,0.3,0.3,.064,,-2.8,1.9,-0.9,0.1,paytoga02
368,Drew Peterson,PF,24,BOS,1,3,43.6,1.500,1.000,.000,0.0,0.0,0.0,60.0,0.0,0.0,0.0,14.4,,0.0,0.0,0.0,.756,,28.5,13.5,42.0,0.0,peterdr01
369,Filip Petrušev,C,23,TOT,3,10,5.0,.521,.000,1.000,0.0,11.0,5.5,0.0,0.0,0.0,0.0,12.2,,0.0,0.0,0.0,.027,,-4.8,-3.3,-8.2,0.0,petrufi01
369,Filip Petrušev,C,23,PHI,1,3,4.0,,,,0.0,36.5,18.4,0.0,0.0,0.0,,0.0,,0.0,0.0,0.0,.069,,-2.9,-2.2,-5.1,0.0,petrufi01
369,Filip Petrušev,C,23,SAC,2,7,5.4,.521,.000,1.000,0.0,0.0,0.0,0.0,0.0,0.0,0.0,17.5,,0.0,0.0,0.0,.009,,-5.6,-3.8,-9.5,0.0,petrufi01
370,Julian Phillips,SF,20,CHI,22,99,3.2,.349,.500,.167,3.3,9.2,6.2,9.2,0.5,3.1,7.2,12.3,,-0.1,0.1,-0.1,-0.035,,-7.3,-0.4,-7.8,-0.1,phillju01
371,Jalen Pickett,SG,24,DEN,16,97,9.2,.571,.714,.071,1.2,11.3,6.4,15.6,1.5,0.0,17.2,15.6,,0.0,0.1,0.1,.051,,-2.3,-0.6,-2.9,0.0,pickeja02
372,Scotty Pippen Jr.,PG,23,MEM,2,29,24.1,.804,.111,.556,3.7,23.4,13.2,40.1,0.0,0.0,21.1,21.0,,0.1,0.0,0.2,.258,,3.4,1.5,4.9,0.1,pippesc02
373,Mason Plumlee,C,33,LAC,13,217,16.6,.646,.000,.723,8.7,25.9,17.6,10.3,1.1,1.7,10.2,13.8,,0.5,0.3,0.8,.172,,0.5,0.9,1.4,0.2,plumlma01
374,Brandin Podziemski,SG,20,GSW,36,882,13.1,.552,.417,.127,6.5,17.4,11.9,17.9,1.7,0.5,13.1,16.4,,0.8,0.7,1.5,.084,,-0.4,0.1,-0.3,0.4,podzibr01
375,Jakob Poeltl,C,28,TOR,36,954,18.1,.675,.000,.319,11.2,23.6,17.3,13.1,1.2,4.5,16.8,15.2,,1.7,1.2,2.8,.143,,-0.6,1.2,0.6,0.6,poeltja01
376,Aleksej Pokusevski,PF,22,OKC,8,48,0.5,.288,.692,.154,4.9,15.5,10.5,12.0,0.0,2.0,17.8,15.2,,-0.1,0.0,-0.1,-0.099,,-8.9,-2.4,-11.3,-0.1,pokusal01
377,Jordan Poole,SG,24,WAS,43,1253,10.9,.524,.439,.222,1.3,7.0,4.1,16.8,1.6,1.0,12.3,26.0,,-1.2,0.3,-0.9,-0.035,,-3.5,-2.5,-6.0,-1.3,poolejo01
378,Craig Porter Jr.,PG,23,CLE,29,462,16.2,.562,.128,.280,3.4,14.8,9.2,28.3,1.8,2.3,15.2,20.3,,0.5,0.7,1.2,.126,,-0.6,1.8,1.2,0.4,portecr01
379,Jontay Porter,PF,24,TOR,12,176,12.7,.461,.527,.145,7.3,17.9,12.5,18.1,2.2,5.4,12.0,16.2,,0.0,0.2,0.3,.073,,-2.3,1.7,-0.6,0.1,portejo01
380,Michael Porter Jr.,SF,25,DEN,46,1432,15.1,.600,.531,.105,4.6,20.3,12.6,6.0,0.8,2.1,7.4,20.0,,1.6,1.6,3.2,.107,,1.0,-1.2,-0.2,0.7,portemi01
381,Otto Porter Jr.,SF,30,TOR,15,174,8.7,.568,.697,.091,3.7,14.9,9.2,5.7,1.4,2.5,5.5,8.9,,0.1,0.2,0.3,.081,,-3.6,0.5,-3.1,0.0,porteot01
382,Bobby Portis,PF,28,MIL,45,1049,15.8,.581,.288,.172,7.5,23.2,15.7,5.8,1.3,1.5,8.0,20.7,,1.1,1.1,2.3,.104,,-0.9,-1.1,-2.0,0.0,portibo01
383,Kristaps Porziņģis,C,28,BOS,33,980,22.4,.663,.414,.467,6.0,17.6,12.1,9.9,1.1,5.5,9.7,23.6,,2.9,1.7,4.6,.227,,3.4,1.9,5.2,1.8,porzikr01
384,Micah Potter,PF,25,UTA,2,7,1.6,.000,1.000,.000,0.0,61.5,31.2,0.0,0.0,0.0,0.0,5.9,,0.0,0.0,0.0,-0.056,,-8.3,-3.3,-11.6,0.0,pottemi01
385,Dwight Powell,C,32,DAL,39,624,16.4,.753,.023,.849,12.4,14.6,13.5,13.3,1.7,2.1,13.9,9.3,,2.1,0.6,2.7,.204,,0.3,0.9,1.1,0.5,poweldw01
386,Norman Powell,SG,30,LAC,43,1097,14.2,.643,.482,.244,0.6,10.1,5.6,5.2,1.1,1.4,7.9,19.5,,1.7,0.9,2.6,.115,,0.4,-0.8,-0.4,0.5,powelno01
387,Joshua Primo,SG,21,LAC,1,5,-15.5,.500,.500,.000,0.0,0.0,0.0,0.0,0.0,18.2,60.0,43.5,,-0.1,0.0,-0.1,-0.793,,-20.1,-8.3,-28.4,0.0,primojo01
388,Taurean Prince,PF,29,LAL,43,1319,8.7,.574,.672,.110,1.0,9.1,5.2,7.7,1.4,1.4,9.3,13.4,,0.2,1.2,1.4,.051,,-2.7,0.0,-2.6,-0.2,princta02
389,Payton Pritchard,PG,26,BOS,45,954,13.5,.564,.660,.110,5.1,10.9,8.2,18.9,1.0,0.5,7.6,15.4,,1.8,1.1,2.9,.146,,0.7,0.3,0.9,0.7,pritcpa01
390,Olivier-Maxence Prosper,PF,21,DAL,24,219,10.4,.474,.492,.429,7.3,18.8,13.0,10.9,0.4,0.8,5.1,15.3,,0.2,0.1,0.3,.065,,-2.3,-1.6,-3.9,-0.1,prospol01
391,Trevelin Queen,SG,26,ORL,11,153,9.5,.497,.429,.343,2.2,11.3,6.7,15.8,2.2,3.0,14.8,13.3,,0.0,0.2,0.2,.070,,-4.0,1.8,-2.1,0.0,queentr01
392,Neemias Queta,C,24,BOS,17,210,16.5,.598,.000,.333,17.0,20.9,19.0,4.5,1.6,3.4,8.8,13.9,,0.5,0.4,0.9,.203,,-2.6,0.0,-2.6,0.0,quetane01
393,Immanuel Quickley,SG-PG,24,TOT,42,1102,16.3,.584,.470,.269,0.9,12.4,6.6,19.5,1.1,0.4,7.9,23.3,,2.1,1.0,3.1,.133,,1.9,-0.5,1.4,1.0,quickim01
393,Immanuel Quickley,SG,24,NYK,30,720,16.8,.598,.484,.281,0.8,10.9,5.9,15.7,1.1,0.4,7.6,24.0,,1.5,0.7,2.2,.150,,2.4,-0.2,2.2,0.8,quickim01
393,Immanuel Quickley,PG,24,TOR,12,382,15.5,.554,.442,.245,1.1,15.0,7.9,26.7,1.1,0.5,8.6,22.1,,0.6,0.3,0.8,.101,,1.1,-1.2,-0.1,0.2,quickim01
394,Lester Quinones,SG,23,GSW,9,57,8.6,.503,.565,.087,7.6,15.4,11.5,12.2,0.9,1.6,17.3,21.3,,-0.1,0.0,0.0,-0.021,,-3.4,-2.4,-5.8,-0.1,quinole01
395,Julius Randle,PF,29,NYK,45,1598,18.6,.568,.292,.363,6.7,21.8,14.3,22.7,0.8,0.7,14.0,29.4,,2.0,2.0,4.0,.120,,1.9,-0.2,1.7,1.5,randlju01
396,Duop Reath,C,27,POR,33,598,16.5,.596,.506,.192,8.4,17.1,12.5,11.1,1.4,2.6,9.1,20.1,,0.9,0.5,1.5,.118,,0.6,-0.2,0.3,0.3,reathdu01
397,Austin Reaves,SG,25,LAL,46,1390,15.7,.617,.419,.313,3.0,11.8,7.6,24.1,1.4,0.4,14.6,20.3,,2.0,1.2,3.2,.111,,0.6,-0.5,0.1,0.8,reaveau01
398,Cam Reddish,SF,24,LAL,35,815,8.5,.519,.463,.224,2.7,8.6,5.7,7.3,2.5,1.2,11.8,13.5,,-0.3,0.9,0.6,.038,,-4.0,1.1,-3.0,-0.2,reddica01
399,Paul Reed,C,24,PHI,43,661,16.6,.587,.110,.188,13.7,20.2,17.0,10.3,2.2,4.1,13.8,15.4,,1.0,1.2,2.2,.158,,-1.0,1.1,0.1,0.3,reedpa01
400,Naz Reid,C,24,MIN,45,1007,16.1,.616,.500,.148,5.3,17.2,11.6,7.4,1.7,2.7,11.2,22.3,,0.8,1.9,2.7,.129,,0.8,1.1,1.9,1.0,reidna01
401,Jared Rhoden,SG,24,DET,5,30,10.8,.658,.444,.222,3.6,11.5,7.5,14.2,0.0,0.0,16.8,16.7,,0.0,0.0,0.0,.051,,-2.8,-0.9,-3.7,0.0,rhodeja01
402,Nick Richards,C,26,CHO,34,832,17.4,.705,.000,.500,10.8,24.9,17.5,4.8,0.7,4.8,11.6,13.1,,1.9,0.6,2.5,.145,,-1.3,-0.6,-1.8,0.0,richani01
403,Josh Richardson,SG,30,MIA,36,933,10.5,.558,.533,.167,1.8,10.1,5.9,14.2,1.1,1.4,9.9,16.2,,0.5,0.8,1.3,.069,,-2.0,-0.5,-2.5,-0.1,richajo01
404,Duncan Robinson,SF,29,MIA,43,1208,12.5,.613,.669,.145,1.0,9.6,5.2,15.8,1.1,0.6,11.2,19.3,,1.1,1.0,2.1,.085,,-0.2,-1.0,-1.1,0.3,robindu01
405,Jerome Robinson,SG,26,GSW,7,26,-2.9,.172,.556,.667,4.2,8.4,6.3,8.8,0.0,3.5,0.0,18.8,,-0.1,0.0,-0.1,-0.203,,-12.0,-5.7,-17.7,-0.1,robinje01
406,Mitchell Robinson,C,25,NYK,21,613,15.9,.567,.000,.388,20.5,18.6,19.5,3.2,2.6,4.1,15.5,9.4,,0.9,1.2,2.0,.159,,-0.4,1.0,0.6,0.4,robinmi01
407,Orlando Robinson,C,23,MIA,19,228,14.8,.603,.200,.333,9.3,22.0,15.6,17.3,1.1,3.0,15.9,15.8,,0.3,0.3,0.6,.132,,-1.6,0.7,-0.9,0.1,robinor01
408,Jeremiah Robinson-Earl,PF,23,NOP,18,199,12.5,.618,.370,.111,6.1,18.7,12.5,6.1,1.7,1.5,13.7,14.2,,0.2,0.3,0.4,.103,,-1.4,0.2,-1.2,0.0,robinje02
409,David Roddy,PF,22,MEM,42,946,9.0,.493,.413,.162,5.2,14.6,9.7,9.7,1.1,1.0,11.1,17.2,,-0.6,1.0,0.4,.022,,-3.7,-0.8,-4.6,-0.6,roddyda01
410,Ryan Rollins,PG,21,WAS,10,66,22.6,.631,.120,.680,3.2,14.8,8.9,23.7,5.6,3.7,17.7,25.2,,0.1,0.1,0.2,.138,,0.4,4.4,4.8,0.1,rolliry01
411,Derrick Rose,PG,35,MEM,17,304,12.2,.517,.258,.164,2.4,8.6,5.4,30.0,1.1,0.6,13.8,22.4,,0.0,0.3,0.2,.038,,-1.9,-1.2,-3.0,-0.1,rosede01
412,Terry Rozier,SG-PG,29,TOT,32,1123,18.4,.567,.423,.230,1.8,10.9,6.1,30.0,1.5,1.0,9.8,26.8,,1.5,0.3,1.9,.080,,3.1,-1.7,1.4,0.9,roziete01
412,Terry Rozier,SG,29,CHO,30,1065,19.0,.574,.423,.235,1.7,11.1,6.1,30.5,1.5,1.0,9.7,27.2,,1.7,0.3,1.9,.087,,3.6,-1.6,1.9,1.0,roziete01
412,Terry Rozier,PG,29,MIA,2,58,5.7,.366,.429,.095,3.9,8.0,5.9,19.3,2.6,0.0,12.1,18.9,,-0.1,0.1,-0.1,-0.049,,-6.8,-2.0,-8.9,-0.1,roziete01
413,Rayan Rupert,SG,19,POR,15,114,8.5,.472,.415,.195,5.5,13.8,9.3,14.2,0.9,0.0,11.9,18.7,,-0.1,0.1,0.0,-0.008,,-3.3,-2.7,-6.0,-0.1,ruperra01
414,D'Angelo Russell,PG,27,LAL,42,1265,16.7,.598,.455,.163,1.4,8.2,4.9,30.3,1.2,1.6,12.3,23.0,,1.7,1.0,2.8,.105,,2.1,-0.8,1.3,1.1,russeda01
415,Matt Ryan,SF,26,NOP,13,298,9.9,.679,.819,.169,1.9,9.2,5.6,6.2,0.8,0.3,15.2,15.2,,0.3,0.2,0.5,.079,,-0.6,-1.2,-1.8,0.0,ryanma01
416,Domantas Sabonis,C,27,SAC,43,1518,22.9,.651,.087,.391,9.9,31.1,20.2,33.9,1.1,1.4,17.6,22.4,,4.5,1.8,6.3,.200,,3.7,2.2,5.9,3.0,sabondo01
417,Luka Šamanić,PF,24,UTA,21,126,8.0,.470,.375,.232,6.1,26.5,16.5,4.5,0.4,1.4,12.7,23.3,,-0.2,0.1,-0.1,-0.036,,-5.6,-2.9,-8.5,-0.2,samanlu01
418,Jermaine Samuels,SF,25,HOU,7,44,13.6,.676,.250,.250,5.0,19.5,12.3,6.1,1.1,2.1,0.0,8.7,,0.1,0.1,0.2,.173,,-1.1,1.2,0.1,0.0,samueje01
419,Adama Sanogo,PF,21,CHI,3,11,32.7,.926,.000,1.000,19.7,41.6,30.3,0.0,0.0,0.0,18.8,21.2,,0.1,0.0,0.1,.282,,9.1,1.7,10.8,0.0,sanogad01
420,Gui Santos,PF,21,GSW,6,35,13.8,.550,.545,.545,15.5,21.9,18.7,7.5,0.0,0.0,12.8,18.8,,0.1,0.0,0.1,.102,,-1.0,-3.5,-4.5,0.0,santogu01
421,Dario Šarić,C,29,GSW,42,870,17.3,.634,.513,.255,7.5,21.9,14.7,17.0,1.4,0.7,13.2,19.4,,1.8,0.8,2.6,.144,,2.2,0.3,2.4,1.0,saricda01
422,Olivier Sarr,C,24,OKC,9,68,13.5,.689,.455,.727,10.5,31.2,21.4,3.5,0.0,6.9,12.1,10.5,,0.1,0.1,0.3,.191,,-2.8,0.9,-1.9,0.0,sarrol01
423,Marcus Sasser,PG,23,DET,40,618,13.9,.581,.442,.139,1.1,10.4,5.6,24.4,1.7,1.1,12.5,19.1,,0.6,0.2,0.9,.068,,-0.3,-0.6,-0.9,0.2,sassema01
424,Admiral Schofield,PF,26,ORL,12,46,-0.9,.378,.600,.133,2.4,15.1,8.7,12.0,0.0,0.0,20.1,18.6,,-0.2,0.0,-0.1,-0.123,,-9.3,-2.2,-11.5,-0.1,schofad01
425,Dennis Schröder,PG,30,TOR,45,1393,14.2,.566,.394,.252,1.5,8.2,4.7,27.7,1.3,0.4,11.0,19.0,,2.1,0.7,2.8,.096,,-0.3,-1.0,-1.3,0.2,schrode01
426,Dereon Seabron,SG,23,NOP,5,52,9.1,.448,.154,.462,2.1,12.7,7.4,9.5,1.9,1.9,0.0,12.9,,0.0,0.1,0.1,.082,,-3.0,1.2,-1.8,0.0,seabrde01
427,Alperen Şengün,C,21,HOU,44,1436,22.7,.595,.124,.348,9.0,21.1,15.1,26.6,1.8,2.2,12.4,27.8,,2.8,2.3,5.2,.172,,3.5,1.9,5.4,2.6,sengual01
428,Brice Sensabaugh,SF,20,UTA,4,12,11.5,.417,.333,.000,9.2,17.9,13.6,23.4,0.0,0.0,0.0,20.7,,0.0,0.0,0.0,.058,,-1.1,-3.2,-4.3,0.0,sensabr01
429,Collin Sexton,SG,25,UTA,46,1104,20.3,.615,.321,.376,4.0,7.9,6.0,27.3,1.4,0.6,11.2,27.5,,3.0,0.5,3.6,.154,,3.6,-1.2,2.4,1.2,sextoco01
430,Landry Shamet,SG,26,WAS,28,426,13.3,.598,.558,.203,1.5,6.9,4.1,12.9,1.7,1.3,8.3,20.2,,0.4,0.1,0.5,.054,,-1.0,-1.3,-2.3,0.0,shamela01
431,Day'Ron Sharpe,C,22,BRK,37,592,21.4,.598,.036,.456,18.2,29.0,23.4,13.2,1.4,4.9,13.8,19.4,,1.3,0.9,2.2,.174,,0.1,0.6,0.8,0.4,sharpda01
432,Shaedon Sharpe,SG,20,POR,32,1059,11.3,.524,.415,.274,4.2,13.4,8.5,13.8,1.3,1.0,12.9,22.3,,-0.3,0.7,0.4,.018,,-2.2,-0.9,-3.1,-0.3,sharpsh01
433,Ben Sheppard,SG,22,IND,24,237,8.7,.484,.632,.176,3.4,11.3,7.3,10.6,2.2,0.0,2.7,13.1,,0.2,0.1,0.3,.057,,-3.7,0.1,-3.6,-0.1,sheppbe01
434,Pascal Siakam,PF,29,TOT,44,1514,19.1,.601,.222,.350,4.7,16.5,10.5,21.9,1.1,0.6,10.2,25.4,,2.8,1.0,3.9,.122,,2.2,-0.5,1.7,1.4,siakapa01
434,Pascal Siakam,PF,29,TOR,39,1354,18.8,.600,.233,.358,4.3,16.0,10.0,21.5,1.1,0.6,10.3,25.4,,2.4,0.9,3.4,.119,,2.1,-0.7,1.4,1.2,siakapa01
434,Pascal Siakam,PF,29,IND,5,160,21.2,.612,.139,.291,7.9,21.0,14.4,25.1,0.9,0.0,9.2,25.4,,0.4,0.1,0.5,.150,,3.7,0.7,4.5,0.3,siakapa01
435,Ben Simmons,PG,27,BRK,6,191,12.8,.516,.000,.111,8.8,28.4,18.3,27.4,0.8,2.4,28.4,11.8,,0.1,0.2,0.3,.076,,-2.2,1.9,-0.3,0.1,simmobe01
436,Anfernee Simons,SG,24,POR,23,771,17.1,.579,.474,.237,1.5,10.6,5.7,26.5,0.7,0.4,11.3,29.1,,1.0,0.3,1.2,.077,,3.1,-2.4,0.7,0.5,simonan01
437,Jericho Sims,C,25,NYK,21,171,9.4,.698,.000,.250,5.9,18.5,12.3,3.7,0.6,3.8,15.3,6.5,,0.2,0.2,0.4,.116,,-3.4,0.9,-2.5,0.0,simsje01
438,Dmytro Skapintsev,C,25,NYK,2,2,-18.9,.000,.000,.000,0.0,0.0,0.0,0.0,0.0,0.0,0.0,21.2,,0.0,0.0,0.0,-0.468,,-16.4,-9.7,-26.1,0.0,skapidm01
439,Jalen Slawson,SF,24,SAC,5,19,5.4,.667,.333,.000,0.0,24.3,11.8,13.3,0.0,4.8,40.0,11.2,,0.0,0.0,0.0,-0.009,,-7.2,1.3,-5.9,0.0,slawsja01
440,Javonte Smart,PG,24,PHI,1,1,0.0,,,,0.0,0.0,0.0,0.0,0.0,0.0,,0.0,,0.0,0.0,0.0,.013,,-6.0,-2.1,-8.0,0.0,smartja01
441,Marcus Smart,PG,29,MEM,20,605,11.7,.552,.565,.236,1.1,8.8,4.8,22.2,3.3,0.8,19.2,22.9,,-0.6,0.9,0.3,.024,,-3.4,1.0,-2.4,-0.1,smartma01
442,Dennis Smith Jr.,PG,26,BRK,29,576,13.4,.497,.287,.164,5.1,13.1,9.0,28.2,2.8,1.1,15.0,18.2,,0.3,0.6,0.9,.075,,-2.6,1.7,-0.9,0.1,smithde03
443,Dru Smith,SG,26,MIA,9,131,12.7,.576,.515,.061,5.1,7.1,6.1,15.2,3.4,2.2,12.9,13.1,,0.1,0.2,0.3,.114,,-1.9,2.9,1.0,0.1,smithdr01
444,Ish Smith,PG,35,CHO,36,593,7.2,.474,.047,.031,2.0,10.8,6.1,25.1,1.0,0.6,24.5,12.5,,-0.4,0.1,-0.3,-0.027,,-5.2,-1.4,-6.5,-0.7,smithis01
445,Jabari Smith Jr.,PF,20,HOU,40,1267,14.1,.587,.420,.222,6.7,22.8,14.9,6.6,0.9,2.3,9.5,17.5,,1.2,1.9,3.1,.118,,-0.6,0.4,-0.3,0.6,smithja05
446,Jalen Smith,C,23,IND,32,564,20.1,.724,.356,.292,10.1,25.9,18.0,7.8,0.7,2.5,10.9,18.8,,1.6,0.4,2.0,.172,,2.8,-0.7,2.1,0.6,smithja04
447,Nick Smith Jr.,SG,19,CHO,28,425,8.9,.552,.488,.024,3.5,8.6,5.9,10.4,0.3,1.5,14.0,19.6,,-0.2,0.0,-0.3,-0.029,,-2.1,-3.0,-5.1,-0.3,smithni01
448,Terquavion Smith,PG,21,PHI,4,15,19.5,.405,.667,.222,0.0,0.0,0.0,44.6,9.7,0.0,9.2,30.8,,0.0,0.0,0.0,.087,,3.2,3.7,6.9,0.0,smithte01
449,Jeremy Sochan,PF,20,SAS,45,1326,11.5,.527,.278,.198,6.1,15.5,10.7,18.5,1.2,1.2,14.8,18.6,,0.0,0.8,0.7,.027,,-2.3,-1.0,-3.4,-0.5,sochaje01
450,Jaden Springer,SG,21,PHI,25,252,8.2,.446,.313,.275,7.9,7.4,7.7,11.4,2.5,3.1,16.7,18.2,,-0.3,0.4,0.0,.008,,-5.4,0.3,-5.0,-0.2,sprinja01
451,Lamar Stevens,PF,26,BOS,17,107,11.7,.494,.189,.216,8.3,15.2,11.9,8.8,2.7,4.2,16.5,19.5,,-0.1,0.2,0.1,.057,,-4.9,1.2,-3.7,0.0,stevela01
452,Isaiah Stewart,PF,22,DET,33,1012,11.0,.580,.439,.228,6.4,19.4,12.7,7.9,0.6,2.2,14.7,15.3,,0.4,0.4,0.8,.036,,-2.0,-0.9,-2.9,-0.2,stewais01
453,Julian Strawther,SF,21,DEN,33,458,9.3,.500,.622,.124,1.0,10.8,6.0,10.3,1.7,1.1,7.1,19.9,,-0.2,0.5,0.3,.034,,-3.9,-1.0,-4.9,-0.3,strawju01
454,Max Strus,SF,27,CLE,43,1423,10.9,.534,.660,.116,2.6,13.7,8.2,15.5,1.4,1.4,11.8,17.7,,0.4,2.0,2.4,.082,,-1.6,0.9,-0.7,0.5,strusma01
455,Jalen Suggs,SG,22,ORL,41,1073,12.9,.582,.517,.218,3.0,11.3,7.1,13.3,2.4,2.2,15.1,20.9,,0.1,1.6,1.8,.080,,-1.4,1.2,-0.2,0.5,suggsja01
456,Cole Swider,SF,24,MIA,9,44,10.5,.548,.714,.000,2.5,2.7,2.6,11.1,1.1,2.2,12.5,24.1,,0.0,0.0,0.0,-0.012,,0.3,-1.7,-1.5,0.0,swideco01
457,Jae'Sean Tate,SF,28,HOU,41,756,9.4,.552,.392,.177,6.1,13.9,10.0,7.7,1.8,1.1,9.6,10.7,,0.6,1.0,1.6,.100,,-3.6,1.6,-2.0,0.0,tateja01
458,Jayson Tatum,PF,25,BOS,42,1507,21.7,.600,.430,.379,2.7,21.3,12.4,19.2,1.4,1.2,10.0,30.0,,3.2,2.5,5.6,.180,,4.0,0.8,4.7,2.5,tatumja01
459,Terry Taylor,PF,24,CHI,16,108,9.4,.602,.227,.045,12.0,8.5,10.3,5.1,1.4,1.9,23.8,11.9,,0.0,0.1,0.1,.050,,-4.4,0.1,-4.3,-0.1,taylote01
460,Garrett Temple,SG,37,TOR,12,47,13.9,.571,.429,.286,9.2,12.0,10.5,16.7,2.1,0.0,16.0,17.1,,0.1,0.0,0.1,.092,,-0.5,-0.6,-1.1,0.0,templga01
461,Dalen Terry,SG,21,CHI,30,295,7.4,.480,.590,.328,3.7,14.7,9.0,15.3,1.0,2.8,18.6,12.7,,-0.1,0.3,0.2,.029,,-4.6,0.7,-3.9,-0.1,terryda01
462,Daniel Theis,C,31,TOT,33,559,14.2,.587,.196,.233,11.2,12.8,12.0,6.9,1.3,4.7,11.3,15.8,,0.8,0.7,1.5,.125,,-1.9,0.3,-1.6,0.1,theisda01
462,Daniel Theis,C,31,IND,1,8,-6.8,.250,.250,.000,0.0,0.0,0.0,0.0,0.0,0.0,0.0,20.7,,0.0,0.0,0.0,-0.261,,-13.2,-7.3,-20.4,0.0,theisda01
462,Daniel Theis,C,31,LAC,32,551,14.5,.595,.195,.239,11.4,13.0,12.2,7.0,1.3,4.8,11.6,15.7,,0.8,0.7,1.5,.130,,-1.7,0.4,-1.3,0.1,theisda01
463,Cam Thomas,SG,22,BRK,35,994,15.0,.540,.317,.263,0.8,9.1,4.9,13.9,1.0,1.0,8.1,31.1,,0.1,0.5,0.6,.030,,-0.4,-2.1,-2.6,-0.1,thomaca02
464,Amen Thompson,SF,21,HOU,25,414,14.5,.529,.235,.379,6.9,20.2,13.6,18.9,2.8,1.8,15.4,19.0,,0.1,0.8,0.9,.100,,-2.3,2.4,0.1,0.2,thompam01
465,Ausar Thompson,SF,21,DET,44,1048,12.4,.508,.223,.254,9.7,22.2,15.8,11.3,1.7,3.1,14.1,16.8,,-0.1,0.9,0.8,.038,,-3.4,0.2,-3.2,-0.3,thompau01
466,Klay Thompson,SF,33,GSW,41,1249,12.9,.571,.604,.152,2.0,10.3,6.1,11.3,0.8,1.6,9.8,23.3,,0.8,0.5,1.4,.053,,0.7,-2.0,-1.2,0.2,thompkl01
467,Tristan Thompson,PF,32,CLE,36,446,14.3,.600,.011,.447,14.8,19.7,17.3,12.1,0.9,2.2,17.0,13.1,,0.6,0.7,1.3,.140,,-1.9,0.9,-1.0,0.1,thomptr01
468,JT Thor,PF,21,CHO,36,524,7.0,.433,.442,.085,7.5,14.0,10.6,3.8,0.7,2.9,7.0,11.9,,-0.2,0.1,-0.1,-0.008,,-4.4,-1.8,-6.2,-0.6,thorjt01
469,Matisse Thybulle,SF,26,POR,43,972,11.0,.584,.790,.080,2.0,8.2,4.9,7.3,3.5,3.2,9.6,10.0,,0.6,1.2,1.8,.087,,-2.3,3.3,1.0,0.7,thybuma01
470,Xavier Tillman Sr.,C,25,MEM,32,646,11.6,.438,.257,.183,8.4,17.0,12.6,12.0,2.8,4.7,11.7,16.4,,-0.6,1.2,0.6,.043,,-4.0,2.1,-1.9,0.0,tillmxa01
471,Jacob Toppin,SF,23,NYK,3,4,16.8,,,,0.0,0.0,0.0,28.9,0.0,23.0,,0.0,,0.0,0.0,0.0,.204,,5.7,7.0,12.7,0.0,toppija01
472,Obi Toppin,PF,25,IND,46,1074,15.9,.682,.416,.185,5.5,14.5,10.0,8.4,1.0,1.7,8.3,16.2,,2.4,0.4,2.8,.126,,1.5,-1.0,0.5,0.7,toppiob01
473,Juan Toscano-Anderson,SF,30,SAC,11,53,2.5,.292,.333,.000,8.3,21.8,14.9,9.0,0.9,1.7,14.3,11.2,,-0.1,0.1,0.0,-0.028,,-8.9,-0.7,-9.6,-0.1,toscaju01
474,Karl-Anthony Towns,PF,28,MIN,44,1459,19.4,.639,.321,.308,5.4,23.7,15.2,14.9,1.0,1.4,14.0,27.3,,2.2,2.7,4.9,.162,,1.9,1.0,2.9,1.8,townska01
475,Gary Trent Jr.,SG,25,TOR,40,1037,10.6,.547,.554,.106,1.0,8.0,4.5,8.5,1.5,0.4,5.6,18.5,,0.3,0.6,0.8,.039,,-1.7,-1.3,-3.0,-0.3,trentga02
476,Oscar Tshiebwe,PF,24,IND,6,34,24.8,.563,.000,.375,20.2,20.5,20.3,7.9,2.7,0.0,0.0,22.7,,0.1,0.0,0.2,.218,,5.3,-2.2,3.1,0.0,tshieos01
477,P.J. Tucker,PF,38,TOT,15,239,5.4,.492,.842,.158,7.9,12.4,10.1,3.8,1.8,1.1,16.4,4.4,,0.1,0.3,0.4,.083,,-4.3,1.0,-3.3,-0.1,tuckepj01
477,P.J. Tucker,PF,38,PHI,3,66,4.6,.600,1.000,.000,1.7,21.6,11.7,0.0,2.2,2.6,28.6,4.5,,0.0,0.1,0.1,.061,,-5.2,1.2,-4.0,0.0,tuckepj01
477,P.J. Tucker,PF,38,LAC,12,173,5.7,.457,.786,.214,10.2,8.9,9.6,5.3,1.7,0.5,11.5,4.4,,0.2,0.2,0.3,.091,,-4.0,0.9,-3.1,0.0,tuckepj01
478,Myles Turner,C,27,IND,45,1235,19.2,.628,.344,.363,7.1,22.5,14.8,6.2,0.9,5.4,9.7,22.9,,2.2,1.1,3.4,.130,,0.8,-0.3,0.5,0.8,turnemy01
479,Hunter Tyson,PF,23,DEN,9,27,-9.0,.143,.857,.000,0.0,24.4,12.5,4.2,0.0,0.0,22.2,14.5,,-0.2,0.0,-0.1,-0.230,,-15.6,-3.1,-18.7,-0.1,tysonhu01
480,Stanley Umude,SG,24,DET,15,155,13.3,.693,.614,.523,2.1,18.5,10.1,6.9,1.2,2.7,15.6,17.4,,0.2,0.1,0.3,.100,,-0.4,0.2,-0.2,0.1,umudest01
481,Jonas Valančiūnas,C,31,NOP,45,1185,20.5,.636,.187,.311,11.2,29.1,20.2,12.6,0.9,4.1,11.6,20.2,,2.8,2.0,4.7,.192,,1.4,0.7,2.1,1.2,valanjo01
482,Jarred Vanderbilt,PF,24,LAL,25,491,9.9,.536,.258,.258,8.2,18.2,13.4,6.7,2.5,0.9,16.9,10.9,,0.1,0.7,0.7,.071,,-3.9,0.8,-3.1,-0.1,vandeja01
483,Fred VanVleet,PG,29,HOU,42,1557,16.6,.561,.566,.220,1.1,9.9,5.6,32.3,1.4,2.5,9.3,19.7,,2.9,1.9,4.8,.148,,2.9,0.8,3.6,2.2,vanvlfr01
484,Devin Vassell,SG,23,SAS,40,1244,15.5,.577,.474,.208,1.3,11.0,6.1,17.1,1.7,0.6,7.6,22.6,,1.1,0.7,1.8,.069,,0.6,-1.1,-0.5,0.5,vassede01
485,Sasha Vezenkov,PF,28,SAC,33,419,13.8,.576,.608,.063,7.9,15.1,11.4,4.6,1.7,1.5,6.3,17.6,,0.4,0.4,0.8,.092,,0.1,-1.1,-0.9,0.1,vezenal01
486,Gabe Vincent,PG,27,LAL,5,127,6.0,.411,.531,.063,1.8,2.5,2.2,14.9,2.3,0.0,5.7,11.8,,-0.1,0.1,0.0,.015,,-5.6,1.4,-4.2,-0.1,vincega01
487,Nikola Vučević,C,33,CHI,41,1387,17.1,.529,.261,.093,8.7,26.8,17.5,16.5,1.0,2.2,9.0,22.8,,1.0,1.8,2.8,.097,,0.3,-0.2,0.0,0.7,vucevni01
488,Dean Wade,PF,27,CLE,36,794,10.5,.622,.852,.117,4.4,18.1,11.3,4.8,2.0,1.1,9.1,10.2,,0.8,1.3,2.1,.129,,-1.7,2.2,0.4,0.5,wadede01
489,Franz Wagner,SF,22,ORL,37,1225,17.4,.564,.302,.288,3.6,16.0,9.7,19.3,1.6,1.0,9.5,26.2,,1.4,1.6,3.1,.120,,1.0,0.3,1.3,1.0,wagnefr01
490,Moritz Wagner,C,26,ORL,43,811,19.9,.668,.232,.395,9.1,18.2,13.6,11.2,1.3,1.5,12.0,22.0,,2.0,1.1,3.1,.183,,1.6,0.5,2.1,0.8,wagnemo01
491,Ish Wainright,SF,29,POR,7,46,10.1,.530,.889,.111,0.0,23.6,11.0,0.0,2.1,2.0,5.0,18.3,,0.0,0.1,0.0,.049,,-1.5,0.6,-0.9,0.0,wainris01
492,Jabari Walker,SF,21,POR,41,871,14.3,.573,.313,.390,9.4,24.5,16.4,6.2,1.5,1.8,10.9,16.5,,0.9,0.9,1.8,.099,,-2.1,-0.4,-2.5,-0.1,walkeja01
493,Jarace Walker,PF,20,IND,15,165,14.6,.552,.469,.109,5.5,14.1,9.8,15.0,2.5,2.4,10.7,18.8,,0.1,0.1,0.3,.082,,0.6,0.2,0.8,0.1,walkeja02
494,Lonnie Walker IV,SG,25,BRK,26,476,16.9,.622,.538,.162,1.1,12.1,6.4,11.7,1.7,1.7,11.0,25.2,,0.4,0.4,0.8,.083,,2.4,-0.5,1.9,0.5,walkelo01
495,Cason Wallace,SG,20,OKC,45,949,11.6,.637,.522,.103,3.6,8.2,6.0,8.4,1.7,2.0,8.7,12.1,,1.3,1.1,2.4,.119,,-0.7,0.6,-0.1,0.5,wallaca01
496,Jordan Walsh,SF,19,BOS,2,6,8.8,.000,1.000,.000,0.0,84.9,44.4,18.7,0.0,0.0,0.0,7.2,,0.0,0.0,0.0,.061,,-4.4,4.1,-0.3,0.0,walshjo01
497,P.J. Washington,PF,25,CHO,37,1055,12.3,.540,.494,.180,4.4,16.6,10.2,11.6,1.4,2.5,11.1,20.0,,0.0,0.5,0.5,.025,,-2.0,-1.0,-3.0,-0.3,washipj01
498,TyTy Washington Jr.,PG,22,MIL,2,6,0.6,.500,.667,.000,0.0,17.5,9.1,0.0,7.9,0.0,40.0,35.2,,-0.1,0.0,0.0,-0.361,,-11.3,0.3,-11.0,0.0,washity02
499,Yuta Watanabe,SF,29,PHO,26,373,4.8,.487,.785,.161,3.6,9.9,6.9,3.4,0.9,1.7,13.1,13.3,,-0.3,0.2,0.0,-0.006,,-4.9,-1.7,-6.5,-0.4,watanyu01
500,Lindy Waters III,SG,26,OKC,16,116,10.7,.618,.947,.000,1.0,10.1,5.8,10.9,0.0,1.6,5.0,14.9,,0.2,0.1,0.3,.106,,0.1,-1.3,-1.2,0.0,waterli01
501,Trendon Watford,PF,23,BRK,31,379,16.8,.602,.207,.215,8.0,17.5,12.6,19.2,1.9,1.7,14.5,19.4,,0.6,0.4,1.0,.123,,-0.4,1.1,0.7,0.3,watfotr01
502,Peyton Watson,SF,21,DEN,44,771,12.3,.559,.381,.255,3.6,13.2,8.5,7.2,1.4,4.5,8.9,16.4,,0.4,1.0,1.4,.086,,-2.1,0.5,-1.6,0.1,watsope01
503,Victor Wembanyama,C,20,SAS,39,1111,21.7,.557,.306,.300,8.4,30.0,19.0,17.1,1.8,9.5,15.2,31.9,,-0.7,2.0,1.3,.056,,0.6,1.8,2.4,1.2,wembavi01
504,Blake Wesley,SG,20,SAS,24,271,10.5,.511,.208,.319,2.7,8.4,5.5,27.4,1.7,0.6,13.7,14.7,,0.1,0.1,0.3,.047,,-4.3,-0.5,-4.8,-0.2,weslebl01
505,Russell Westbrook,PG,35,LAC,43,997,17.4,.529,.238,.247,8.1,20.3,14.4,28.7,2.4,1.8,16.6,24.4,,0.6,1.5,2.1,.100,,0.7,1.4,2.1,1.0,westbru01
506,Coby White,PG,23,CHI,46,1644,15.0,.589,.482,.215,1.6,13.2,7.2,20.9,0.9,0.8,11.7,22.3,,2.0,1.2,3.2,.093,,1.0,-0.9,0.2,0.9,whiteco01
507,Derrick White,SG,29,BOS,41,1318,17.3,.618,.568,.220,2.5,10.8,6.9,20.8,1.6,3.2,11.4,19.5,,2.8,2.0,4.8,.173,,2.6,1.6,4.2,2.1,whitede01
508,Cam Whitmore,SF,19,HOU,21,330,17.4,.587,.461,.224,4.0,20.5,12.3,4.0,2.1,1.4,7.2,25.5,,0.2,0.5,0.7,.104,,0.5,-0.2,0.3,0.2,whitmca01
509,Aaron Wiggins,SG,25,OKC,42,543,15.1,.704,.309,.191,5.5,13.3,9.6,8.7,1.6,0.9,11.3,14.8,,1.1,0.7,1.8,.158,,0.6,0.0,0.6,0.4,wiggiaa01
510,Andrew Wiggins,SF,28,GSW,38,1008,9.7,.502,.298,.244,7.1,10.1,8.6,8.2,0.6,1.5,10.5,21.1,,-0.2,0.4,0.1,.006,,-3.1,-2.4,-5.6,-0.9,wiggian01
511,Lindell Wigginton,PG,25,MIL,3,8,5.7,.510,.400,.400,0.0,0.0,0.0,0.0,0.0,0.0,14.5,36.3,,0.0,0.0,0.0,-0.153,,-14.6,-9.3,-23.9,0.0,wiggili01
512,Brandon Williams,PG,24,DAL,6,35,17.7,.575,.308,.462,6.1,9.5,7.8,24.7,1.4,2.5,11.3,21.4,,0.1,0.0,0.1,.106,,1.9,-0.6,1.3,0.0,willibr03
513,Grant Williams,PF,25,DAL,41,1076,8.2,.555,.678,.167,3.8,10.9,7.3,8.6,0.8,2.0,12.4,13.3,,0.4,0.6,1.0,.044,,-2.7,-0.9,-3.5,-0.4,willigr01
514,Jalen Williams,PF,22,OKC,42,1344,18.2,.626,.231,.245,2.0,11.9,7.3,20.2,1.7,1.5,10.6,22.4,,2.6,1.7,4.3,.155,,1.6,0.4,2.0,1.3,willija06
515,Jaylin Williams,C,21,OKC,37,432,11.5,.541,.649,.140,4.7,23.8,14.8,12.9,1.7,2.2,11.0,13.6,,0.3,0.8,1.1,.119,,-1.4,1.8,0.5,0.3,willija07
516,Jeenathan Williams,SG,24,HOU,7,55,12.3,.496,.130,.217,9.9,1.9,5.9,8.1,1.8,0.0,3.8,20.5,,0.0,0.0,0.1,.074,,-2.4,-0.8,-3.2,0.0,willije02
517,Kenrich Williams,PF,29,OKC,34,511,12.0,.579,.515,.076,5.8,15.8,11.1,11.4,2.0,0.9,9.9,12.8,,0.5,0.7,1.3,.120,,-0.7,0.9,0.2,0.3,willike04
518,Mark Williams,C,22,CHO,19,508,22.3,.675,.000,.424,15.9,25.1,20.2,6.6,1.5,3.6,8.7,16.7,,1.6,0.4,2.0,.187,,1.4,-1.0,0.4,0.3,willima07
519,Patrick Williams,PF,22,CHI,43,1174,11.0,.553,.412,.184,4.2,11.7,7.9,7.9,1.7,2.9,12.8,16.6,,0.1,1.2,1.3,.053,,-2.4,0.0,-2.3,-0.1,willipa01
520,Robert Williams,C,26,POR,6,119,17.0,.684,.000,.346,9.7,27.4,17.9,6.3,2.9,5.3,18.9,13.1,,0.1,0.2,0.4,.142,,-2.5,2.8,0.4,0.1,williro04
521,Vince Williams Jr.,SG,23,MEM,35,858,12.4,.603,.688,.337,5.3,19.3,12.1,12.7,1.5,2.5,14.5,13.7,,0.8,1.2,2.0,.113,,-1.7,1.4,-0.4,0.4,willivi01
522,Ziaire Williams,SF,22,MEM,43,815,9.2,.509,.507,.195,3.9,16.1,9.8,11.3,1.6,1.0,14.4,20.1,,-0.8,1.0,0.2,.011,,-4.2,-0.3,-4.5,-0.5,willizi02
523,Zion Williamson,PF,23,NOP,36,1091,22.2,.618,.019,.452,6.5,13.9,10.2,26.2,1.5,1.3,12.5,28.6,,2.4,1.3,3.6,.160,,3.2,0.3,3.6,1.5,willizi01
524,Jalen Wilson,PF,23,BRK,11,104,19.9,.635,.250,.469,15.1,9.6,12.4,12.2,1.4,0.9,7.2,17.1,,0.4,0.1,0.4,.206,,2.4,-1.1,1.3,0.1,wilsoja03
525,Dylan Windler,SF,27,TOT,4,12,19.4,1.000,1.000,.000,0.0,9.1,4.6,23.7,0.0,0.0,0.0,10.7,,0.1,0.0,0.1,.288,,6.2,3.4,9.6,0.0,windldy01
525,Dylan Windler,SF,27,NYK,3,7,15.3,.750,1.000,.000,0.0,15.6,7.9,19.8,0.0,0.0,0.0,12.1,,0.0,0.0,0.0,.238,,3.5,3.9,7.5,0.0,windldy01
525,Dylan Windler,SF,27,LAL,1,5,25.3,1.500,1.000,.000,0.0,0.0,0.0,29.1,0.0,0.0,0.0,8.6,,0.0,0.0,0.0,.359,,10.0,2.6,12.6,0.0,windldy01
526,James Wiseman,C,22,DET,29,424,15.2,.679,.018,.298,10.6,21.3,15.8,6.1,0.4,3.9,16.2,15.3,,0.6,0.2,0.8,.091,,-2.3,-1.2,-3.5,-0.2,wisemja01
527,Christian Wood,PF,28,LAL,40,739,12.4,.580,.446,.376,5.2,27.2,16.6,7.8,0.7,3.8,15.3,17.1,,0.0,1.0,1.0,.067,,-2.5,0.0,-2.5,-0.1,woodch01
528,Delon Wright,PG,31,WAS,23,372,13.8,.483,.303,.273,2.8,11.1,6.9,23.5,3.8,1.3,8.3,13.7,,0.3,0.3,0.6,.078,,-2.4,2.1,-0.3,0.2,wrighde01
529,Thaddeus Young,PF,35,TOR,17,223,16.7,.580,.068,.153,8.7,14.1,11.4,21.8,3.5,0.8,10.0,13.4,,0.4,0.3,0.7,.153,,-0.5,2.3,1.8,0.2,youngth01
530,Trae Young,PG,25,ATL,40,1450,20.9,.580,.457,.419,1.4,7.6,4.4,45.0,1.9,0.5,15.5,31.1,,3.2,0.4,3.6,.119,,5.2,-2.2,3.0,1.8,youngtr01
531,Omer Yurtseven,C,25,UTA,25,257,11.7,.529,.197,.132,15.1,28.5,21.9,6.9,0.7,3.4,21.5,16.5,,-0.1,0.3,0.2,.033,,-4.0,-0.7,-4.7,-0.2,yurtsom01
532,Cody Zeller,C,31,NOP,32,268,11.7,.473,.060,.660,15.3,20.5,17.9,15.1,0.9,1.5,14.6,12.1,,0.3,0.3,0.6,.116,,-2.9,0.1,-2.8,-0.1,zelleco01
533,Ivica Zubac,C,26,LAC,38,1030,19.7,.665,.000,.342,14.2,26.3,20.5,6.6,0.4,4.6,10.9,16.8,,2.7,1.5,4.1,.192,,0.7,-0.1,0.6,0.7,zubaciv01