Rk,Player,Pos,Age,Tm,G,GS,MP,FG,FGA,FG%,3P,3PA,3P%,2P,2PA,2P%,eFG%,FT,FTA,FT%,ORB,DRB,TRB,AST,STL,BLK,TOV,PF,PTS,Player-additional
1,Precious Achiuwa,C-PF,24,TOT,38,0,16.4,2.7,5.7,.475,0.4,1.4,.264,2.3,4.3,.543,.507,0.7,1.2,.587,2.1,3.2,5.3,1.4,0.5,0.5,1.0,1.6,6.5,achiupr01
1,Precious Achiuwa,C,24,TOR,25,0,17.5,3.1,6.8,.459,0.5,1.9,.277,2.6,4.9,.528,.497,1.0,1.7,.571,2.0,3.4,5.4,1.8,0.6,0.5,1.2,1.6,7.7,achiupr01
1,Precious Achiuwa,PF,24,NYK,13,0,14.3,1.9,3.6,.532,0.1,0.5,.167,1.8,3.2,.585,.543,0.2,0.3,.750,2.3,2.7,5.0,0.6,0.2,0.6,0.7,1.5,4.2,achiupr01
2,Bam Adebayo,C,26,MIA,35,35,35.0,7.8,15.6,.500,0.0,0.3,.091,7.8,15.3,.508,.501,5.7,7.3,.780,2.3,8.2,10.5,4.3,1.1,1.0,2.5,2.5,21.3,adebaba01
3,Ochai Agbaji,SG,23,UTA,46,10,20.1,2.2,5.1,.429,1.0,2.9,.328,1.2,2.2,.566,.524,0.3,0.4,.750,0.7,1.8,2.6,0.9,0.6,0.6,0.7,1.4,5.6,agbajoc01
4,Santi Aldama,PF,23,MEM,34,8,23.4,3.9,9.0,.439,1.5,4.6,.335,2.4,4.4,.547,.525,1.0,1.6,.618,1.2,4.4,5.6,1.9,0.6,0.7,1.1,1.6,10.4,aldamsa01
5,Nickeil Alexander-Walker,SG,25,MIN,45,14,22.5,2.4,5.6,.430,1.4,3.7,.369,1.0,1.8,.554,.554,0.4,0.6,.690,0.4,1.4,1.8,2.5,0.9,0.6,0.9,1.8,6.6,alexani01
6,Grayson Allen,SG,28,PHO,40,40,33.5,4.6,9.0,.514,2.8,5.6,.496,1.8,3.4,.545,.669,1.7,1.8,.904,0.8,3.4,4.2,2.9,0.9,0.6,1.5,2.2,13.6,allengr01
7,Jarrett Allen,C,25,CLE,38,38,30.4,6.2,9.6,.649,0.0,0.0,.000,6.2,9.6,.651,.649,2.7,3.6,.756,3.6,6.8,10.4,3.0,0.9,1.1,1.8,2.4,15.2,allenja01
8,Jose Alvarado,PG,25,NOP,28,0,15.9,2.4,6.0,.407,1.3,3.5,.381,1.1,2.5,.443,.518,0.7,1.1,.645,0.4,1.7,2.1,1.8,1.0,0.4,0.8,1.4,6.9,alvarjo01
9,Kyle Anderson,PF,30,MIN,45,2,22.5,2.4,5.3,.464,0.1,0.6,.172,2.3,4.6,.505,.475,1.4,2.0,.693,0.7,2.8,3.5,4.0,0.8,0.6,1.3,1.6,6.4,anderky01
10,Giannis Antetokounmpo,PF,29,MIL,43,43,35.2,11.6,19.1,.607,0.4,1.7,.240,11.2,17.3,.643,.618,7.5,11.2,.665,2.7,9.0,11.7,6.3,1.3,1.1,3.7,3.0,31.0,antetgi01
11,Thanasis Antetokounmpo,PF,31,MIL,18,0,4.1,0.4,0.8,.500,0.0,0.0,,0.4,0.8,.500,.500,0.0,0.0,,0.2,0.2,0.4,0.5,0.1,0.2,0.4,0.8,0.8,antetth01
12,Cole Anthony,PG,23,ORL,44,0,24.2,4.4,10.2,.429,1.2,3.6,.323,3.2,6.6,.486,.485,2.9,3.5,.831,1.0,3.2,4.2,3.3,0.8,0.5,1.8,2.5,12.8,anthoco01
13,OG Anunoby,SF,26,TOT,40,40,34.2,5.8,11.6,.496,2.1,5.6,.378,3.7,6.1,.603,.586,1.6,2.0,.790,1.0,3.3,4.3,2.2,1.3,0.7,1.5,2.4,15.2,anunoog01
13,OG Anunoby,SF,26,TOR,27,27,33.3,5.8,11.9,.489,2.3,6.0,.374,3.6,5.9,.608,.584,1.2,1.7,.717,0.9,3.0,3.9,2.7,1.0,0.5,1.6,2.3,15.1,anunoog01
13,OG Anunoby,SF,26,NYK,13,13,35.9,5.6,11.0,.510,1.8,4.5,.390,3.8,6.5,.595,.591,2.4,2.7,.886,1.2,3.8,4.9,1.3,1.8,1.2,1.4,2.5,15.4,anunoog01
14,Ryan Arcidiacono,PG,29,NYK,17,0,2.5,0.0,0.4,.000,0.0,0.4,.000,0.0,0.0,,.000,0.0,0.0,,0.0,0.4,0.4,0.2,0.1,0.0,0.0,0.3,0.0,arcidry01
15,Deni Avdija,SF,23,WAS,44,44,27.5,4.6,9.3,.501,1.0,2.7,.373,3.6,6.6,.554,.555,2.2,2.9,.772,1.0,5.2,6.2,4.0,0.9,0.4,1.8,2.5,12.5,avdijde01
16,Deandre Ayton,C,25,POR,29,29,31.6,5.9,11.0,.538,0.0,0.0,,5.9,11.0,.538,.538,1.1,1.4,.775,3.3,7.3,10.6,1.6,1.1,0.7,2.0,2.4,12.9,aytonde01
17,Udoka Azubuike,C,24,PHO,11,0,8.3,1.4,1.7,.789,0.0,0.0,,1.4,1.7,.789,.789,0.3,0.8,.333,0.8,1.5,2.3,0.3,0.0,0.5,0.4,1.5,3.0,azubuud01
18,Ibou Badji,C,21,POR,12,1,13.6,0.8,1.3,.600,0.0,0.0,,0.8,1.3,.600,.600,0.3,0.5,.500,1.5,2.2,3.7,0.7,0.2,1.4,0.8,2.7,1.8,badjiib01
19,Marvin Bagley III,C,24,TOT,31,12,19.8,4.5,7.7,.592,0.1,0.3,.222,4.5,7.4,.607,.597,2.2,2.9,.736,2.3,3.1,5.4,1.1,0.3,0.5,1.2,1.8,11.3,baglema01
19,Marvin Bagley III,C,24,DET,26,10,18.4,4.1,7.0,.591,0.0,0.2,.167,4.1,6.7,.606,.594,1.9,2.3,.820,1.8,2.8,4.5,1.0,0.2,0.5,1.1,1.5,10.2,baglema01
19,Marvin Bagley III,C,24,WAS,5,2,27.0,6.8,11.4,.596,0.2,0.6,.333,6.6,10.8,.611,.605,3.4,6.0,.567,5.0,4.6,9.6,1.2,0.8,0.6,1.4,3.2,17.2,baglema01
20,Amari Bailey,PG,19,CHO,2,0,5.5,1.0,3.0,.333,0.0,1.0,.000,1.0,2.0,.500,.333,0.5,1.0,.500,1.0,0.0,1.0,0.0,0.0,0.0,0.5,0.0,2.5,baileam01
21,Patrick Baldwin Jr.,SF,21,WAS,15,0,6.9,0.9,2.1,.452,0.6,1.1,.529,0.3,0.9,.357,.597,0.5,0.7,.700,0.3,1.6,1.9,0.4,0.1,0.2,0.3,1.1,2.9,baldwpa01
22,LaMelo Ball,PG,22,CHO,22,22,32.3,8.3,19.2,.433,3.2,9.0,.355,5.1,10.3,.500,.515,4.1,4.7,.865,1.3,3.8,5.1,8.0,1.8,0.2,3.8,3.6,23.9,ballla01
23,Mo Bamba,C,25,PHI,24,0,9.0,1.6,3.0,.549,0.4,0.8,.556,1.2,2.2,.547,.620,0.6,0.9,.667,1.4,1.7,3.0,0.5,0.4,0.8,0.6,1.2,4.3,bambamo01
24,Paolo Banchero,PF,21,ORL,45,45,34.8,8.0,17.9,.449,1.4,4.1,.348,6.6,13.8,.479,.489,5.2,7.4,.701,1.2,5.8,7.0,4.9,1.0,0.6,3.2,2.1,22.6,banchpa01
25,Desmond Bane,SG,25,MEM,37,37,34.5,8.9,18.8,.474,3.3,8.6,.384,5.6,10.2,.551,.563,3.3,3.8,.864,0.9,3.6,4.6,5.3,1.0,0.5,2.7,2.9,24.4,banede01
26,Dalano Banton,PG,24,BOS,21,1,7.1,0.9,2.0,.419,0.1,0.6,.167,0.8,1.5,.516,.442,0.7,0.9,.778,0.6,1.0,1.6,0.6,0.2,0.1,0.4,1.0,2.5,bantoda01
27,Dominick Barlow,PF,20,SAS,19,1,12.8,1.6,3.6,.456,0.2,0.4,.429,1.5,3.2,.459,.478,0.7,1.2,.591,1.2,2.2,3.4,1.1,0.4,0.5,0.2,1.3,4.1,barlodo01
28,Harrison Barnes,PF,31,SAC,43,43,29.3,4.0,8.2,.483,1.9,4.5,.410,2.1,3.7,.572,.596,1.9,2.3,.828,0.9,2.0,2.8,1.2,0.7,0.2,0.7,1.3,11.7,barneha02
29,Scottie Barnes,SG,22,TOR,45,45,35.2,7.6,15.9,.478,2.0,5.4,.363,5.6,10.4,.538,.541,3.1,4.1,.754,2.3,6.1,8.4,5.7,1.3,1.5,2.6,2.0,20.2,barnesc01
30,RJ Barrett,SG,23,TOT,39,39,30.8,6.9,14.8,.465,1.6,4.6,.339,5.3,10.2,.521,.517,3.8,5.0,.763,0.8,4.4,5.2,2.8,0.5,0.4,1.8,2.1,19.2,barrerj01
30,RJ Barrett,SG,23,NYK,26,26,29.5,6.3,14.9,.423,1.7,5.0,.331,4.7,9.9,.469,.478,4.0,4.8,.831,0.7,3.5,4.3,2.4,0.5,0.3,1.8,1.7,18.2,barrerj01
30,RJ Barrett,SG,23,TOR,13,13,33.6,8.1,14.7,.550,1.4,3.8,.360,6.7,10.8,.617,.597,3.5,5.4,.643,1.1,6.0,7.1,3.5,0.6,0.4,1.8,2.9,21.0,barrerj01
31,Charles Bassey,C,23,SAS,19,0,10.8,1.5,2.1,.725,0.0,0.1,.000,1.5,2.1,.744,.725,0.3,0.3,.833,1.2,2.8,4.0,1.1,0.4,0.9,0.8,1.6,3.3,bassech01
32,Emoni Bates,SF,20,CLE,10,0,7.6,0.6,2.5,.240,0.5,2.0,.250,0.1,0.5,.200,.340,0.1,0.2,.500,0.1,0.9,1.0,0.6,0.1,0.2,0.1,0.5,1.8,batesem01
33,Keita Bates-Diop,SF,28,PHO,34,8,15.7,1.6,4.0,.415,0.5,1.7,.281,1.2,2.3,.513,.474,0.7,1.0,.735,0.8,1.9,2.7,0.9,0.6,0.5,0.3,0.9,4.5,bateske01
34,Nicolas Batum,PF,35,TOT,32,25,24.9,2.2,4.0,.535,1.3,2.9,.462,0.8,1.1,.722,.702,0.3,0.4,.643,1.2,2.6,3.8,2.3,0.7,0.8,0.6,2.0,5.9,batumni01
34,Nicolas Batum,PF,35,LAC,3,0,18.0,1.0,2.7,.375,0.7,2.3,.286,0.3,0.3,1.000,.500,0.0,0.0,,0.0,2.3,2.3,1.7,1.0,1.3,0.3,1.7,2.7,batumni01
34,Nicolas Batum,PF,35,PHI,29,25,25.6,2.3,4.2,.545,1.4,3.0,.477,0.9,1.2,.714,.715,0.3,0.5,.643,1.3,2.7,4.0,2.4,0.7,0.7,0.7,2.0,6.3,batumni01
35,Bradley Beal,SG,30,PHO,21,21,32.6,7.0,13.9,.507,1.5,4.0,.381,5.5,9.9,.558,.562,2.2,2.9,.767,0.8,3.4,4.2,4.1,0.8,0.4,2.3,2.8,17.8,bealbr01
36,Malik Beasley,SG,27,MIL,43,43,29.4,4.1,8.5,.488,2.9,6.1,.471,1.3,2.4,.529,.656,0.3,0.4,.750,0.7,3.3,4.0,1.3,0.7,0.1,0.7,2.1,11.4,beaslma01
37,MarJon Beauchamp,SF,23,MIL,34,1,15.7,1.9,4.0,.474,0.7,1.8,.403,1.1,2.1,.534,.567,0.4,0.6,.600,0.6,1.9,2.5,0.9,0.3,0.2,0.7,1.4,4.9,beaucma01
38,Jules Bernard,SG,24,WAS,4,0,4.0,0.3,2.3,.111,0.0,1.8,.000,0.3,0.5,.500,.111,0.0,0.0,,0.3,0.0,0.3,0.3,0.0,0.0,0.3,0.8,0.5,bernaju01
39,Dāvis Bertāns,PF,31,OKC,14,0,6.5,0.7,1.9,.385,0.7,1.7,.417,0.0,0.1,.000,.577,1.0,1.1,.933,0.1,0.6,0.7,0.6,0.2,0.2,0.1,0.7,3.1,bertada01
40,Patrick Beverley,PG,35,PHI,40,2,18.6,1.9,4.5,.414,0.7,2.2,.303,1.2,2.3,.522,.489,0.9,1.2,.755,0.7,2.4,3.1,2.6,0.5,0.4,0.9,1.7,5.4,beverpa01
41,Saddiq Bey,SF,24,ATL,45,33,32.4,4.4,10.6,.414,1.8,5.6,.316,2.6,5.0,.525,.498,2.2,2.7,.828,2.5,4.0,6.4,1.4,0.9,0.1,0.9,1.6,12.8,beysa01
42,Goga Bitadze,C,24,ORL,39,31,20.7,2.8,4.6,.615,0.1,0.3,.200,2.8,4.3,.639,.620,1.2,1.7,.676,2.5,3.9,6.4,1.7,0.7,1.6,0.8,2.4,6.9,bitadgo01
43,Onuralp Bitim,SG,24,CHI,1,0,3.0,0.0,0.0,,0.0,0.0,,0.0,0.0,,,0.0,0.0,,0.0,0.0,0.0,0.0,0.0,0.0,0.0,0.0,0.0,bitimon01
44,Bismack Biyombo,C,31,MEM,30,27,23.9,2.2,4.0,.563,0.0,0.0,,2.2,4.0,.563,.563,0.7,1.5,.478,1.9,4.5,6.4,1.7,0.3,1.1,1.3,2.7,5.2,biyombi01
45,Anthony Black,PG,20,ORL,42,29,19.4,1.9,3.9,.482,0.5,1.4,.345,1.4,2.5,.557,.543,0.8,1.3,.618,0.6,1.8,2.4,1.7,0.6,0.4,1.0,2.0,5.0,blackan01
46,Leaky Black,SF,24,CHO,14,0,5.7,0.6,1.2,.529,0.2,0.4,.500,0.4,0.8,.545,.618,0.2,0.4,.500,0.4,0.8,1.1,0.4,0.2,0.3,0.1,0.5,1.7,blackle01
47,Bogdan Bogdanović,SG,31,ATL,43,5,28.3,6.0,14.1,.426,3.1,8.4,.366,2.9,5.7,.514,.535,1.8,2.0,.907,0.5,2.6,3.1,2.6,1.3,0.2,1.1,2.3,17.0,bogdabo01
48,Bojan Bogdanović,PF,34,DET,23,22,33.1,7.2,15.4,.469,3.0,7.3,.417,4.2,8.1,.516,.568,2.7,3.6,.747,0.6,3.0,3.6,2.7,0.9,0.1,2.2,2.3,20.2,bogdabo02
49,Bol Bol,PF,24,PHO,12,0,7.2,1.4,1.9,.739,0.3,0.4,.600,1.2,1.5,.778,.804,0.3,0.4,.800,0.8,1.5,2.3,0.5,0.3,0.5,0.5,0.8,3.4,bolbo01
50,Marques Bolden,C,25,MIL,2,0,1.5,0.0,0.0,,0.0,0.0,,0.0,0.0,,,0.0,0.0,,0.0,1.0,1.0,0.0,0.0,0.0,0.0,0.5,0.0,boldema01
51,Devin Booker,PG,27,PHO,36,36,36.1,9.8,19.6,.499,2.3,5.9,.388,7.5,13.7,.548,.558,6.3,7.1,.883,0.7,4.2,4.9,7.4,0.9,0.4,2.8,3.0,28.2,bookede01
52,Brandon Boston Jr.,SF,22,LAC,9,0,6.8,1.6,3.7,.424,0.4,1.6,.286,1.1,2.1,.526,.485,0.7,0.7,1.000,0.4,0.6,1.0,0.4,0.1,0.0,0.3,1.1,4.2,bostobr01
53,Chris Boucher,PF,31,TOR,42,0,14.2,2.1,4.5,.471,0.6,2.0,.321,1.5,2.5,.590,.542,1.3,1.8,.743,1.2,2.8,4.1,0.4,0.3,0.5,0.5,1.4,6.2,bouchch01
54,James Bouknight,SG,23,CHO,11,0,6.5,1.5,3.3,.444,1.1,2.4,.462,0.4,0.9,.400,.611,0.1,0.2,.500,0.1,0.7,0.8,0.5,0.0,0.1,0.1,0.2,4.1,bouknja01
55,Jamaree Bouyea,PG,24,POR,6,0,9.5,0.8,3.5,.238,0.0,1.3,.000,0.8,2.2,.385,.238,0.0,0.0,,0.3,1.3,1.7,1.3,0.0,0.0,1.3,0.5,1.7,bouyeja01
56,Malaki Branham,PG,20,SAS,42,21,21.0,3.4,7.9,.433,1.0,3.1,.308,2.5,4.8,.515,.494,0.6,0.6,.926,0.3,1.7,2.0,2.3,0.4,0.1,1.2,1.3,8.4,branhma01
57,Christian Braun,SG,22,DEN,46,0,19.0,2.7,6.0,.451,0.7,1.9,.360,2.0,4.1,.492,.507,1.3,1.7,.725,0.7,2.8,3.5,1.5,0.4,0.4,0.7,1.5,7.3,braunch01
58,Mikal Bridges,SF,27,BRK,44,44,34.9,7.6,16.8,.455,2.3,6.3,.360,5.4,10.5,.511,.522,4.2,5.0,.833,0.9,4.3,5.1,3.8,0.9,0.5,2.3,1.6,21.7,bridgmi01
59,Miles Bridges,SF,25,CHO,32,30,36.9,7.9,17.2,.459,2.3,6.5,.357,5.6,10.7,.520,.526,2.8,3.2,.873,0.8,6.3,7.1,2.9,1.1,0.5,2.1,1.9,20.8,bridgmi02
60,Oshae Brissett,SF,25,BOS,27,0,11.7,1.4,3.0,.476,0.4,1.2,.303,1.1,1.8,.592,.537,1.0,1.4,.684,1.1,1.9,3.0,0.6,0.4,0.1,0.3,1.1,4.2,brissos01
61,Malcolm Brogdon,PG,31,POR,35,21,28.0,5.5,12.7,.437,2.2,5.1,.422,3.4,7.5,.447,.523,2.4,2.9,.816,0.6,2.9,3.5,5.3,0.7,0.2,1.5,1.4,15.7,brogdma01
62,Armoni Brooks,PG,25,BRK,10,0,10.4,1.5,4.6,.326,1.1,3.2,.344,0.4,1.4,.286,.446,0.1,0.2,.500,0.7,1.1,1.8,0.5,0.1,0.1,0.3,0.3,4.2,brookar01
63,Dillon Brooks,SF,28,HOU,35,35,31.3,5.0,10.7,.463,1.9,4.8,.395,3.1,6.0,.517,.551,1.9,2.2,.833,0.7,2.7,3.4,1.6,1.0,0.1,1.5,3.6,13.7,brookdi01
64,Bruce Brown,SG-PG,27,TOT,37,34,29.2,4.5,9.3,.481,1.0,3.0,.327,3.5,6.4,.553,.533,1.9,2.3,.821,0.8,3.9,4.8,2.8,1.0,0.3,1.3,2.5,11.8,brownbr01
64,Bruce Brown,SG,27,IND,33,33,29.7,4.5,9.5,.475,1.0,3.1,.327,3.5,6.5,.545,.527,2.0,2.5,.817,0.8,3.9,4.7,3.0,1.1,0.2,1.2,2.5,12.1,brownbr01
64,Bruce Brown,PG,27,TOR,4,1,25.0,4.3,7.8,.548,0.8,2.3,.333,3.5,5.5,.636,.597,0.5,0.5,1.000,1.3,4.3,5.5,1.3,0.5,0.5,1.8,3.0,9.8,brownbr01
65,Charlie Brown Jr.,SG,26,NYK,3,0,1.7,0.3,1.3,.250,0.3,1.0,.333,0.0,0.3,.000,.375,0.0,0.0,,0.0,0.0,0.0,0.0,0.0,0.0,0.7,0.0,1.0,brownch02
66,Greg Brown III,PF,22,DAL,6,0,6.7,0.8,1.8,.455,0.2,0.5,.333,0.7,1.3,.500,.500,0.7,1.5,.444,0.5,1.0,1.5,0.7,0.0,0.7,0.7,0.8,2.5,browngr01
67,Jaylen Brown,SF,27,BOS,42,42,33.4,8.8,17.8,.495,2.2,6.0,.362,6.6,11.8,.564,.557,3.1,4.3,.718,0.9,4.3,5.2,3.7,1.1,0.6,2.5,2.6,23.0,brownja02
68,Kendall Brown,SG,20,IND,4,0,4.5,0.5,1.3,.400,0.0,0.3,.000,0.5,1.0,.500,.400,1.0,1.5,.667,0.5,0.0,0.5,0.3,0.0,0.0,0.0,1.0,2.0,brownke03
69,Kobe Brown,PF,24,LAC,26,0,9.7,0.8,2.2,.393,0.4,1.4,.306,0.4,0.8,.550,.491,0.0,0.1,.500,0.2,1.1,1.3,0.6,0.2,0.1,0.2,1.4,2.2,brownko01
70,Moses Brown,C,24,POR,9,4,9.1,1.0,2.3,.429,0.0,0.0,,1.0,2.3,.429,.429,0.0,0.4,.000,2.0,3.1,5.1,0.2,0.2,0.3,0.4,1.2,2.0,brownmo01
71,Troy Brown Jr.,SF,24,MIN,34,3,11.6,1.5,3.3,.442,0.9,2.4,.370,0.6,0.9,.625,.575,0.6,0.6,.864,0.4,1.6,2.0,1.0,0.2,0.1,0.5,0.7,4.4,browntr01
72,Jalen Brunson,PG,27,NYK,43,43,35.6,9.3,19.5,.478,2.8,6.6,.424,6.5,12.9,.505,.550,5.1,6.1,.836,0.6,3.2,3.8,6.4,0.9,0.2,2.4,2.1,26.5,brunsja01
73,Thomas Bryant,C,26,MIA,24,3,10.7,1.8,3.2,.571,0.0,0.2,.000,1.8,3.0,.603,.571,0.8,0.9,.818,1.0,2.1,3.2,0.6,0.3,0.2,0.6,1.1,4.4,bryanth01
74,Kobe Bufkin,SG,20,ATL,2,0,2.0,0.0,1.5,.000,0.0,0.5,.000,0.0,1.0,.000,.000,0.5,1.0,.500,0.5,0.5,1.0,0.0,0.0,0.0,0.0,0.0,0.5,bufkiko01
75,Reggie Bullock,SF,32,HOU,18,0,9.2,0.9,2.1,.421,0.6,1.6,.393,0.3,0.6,.500,.566,0.1,0.1,1.000,0.1,1.2,1.3,0.5,0.2,0.1,0.3,0.5,2.4,bullore01
76,Alec Burks,SG,32,DET,37,0,20.5,3.8,9.7,.391,2.4,5.9,.402,1.4,3.8,.374,.514,2.8,3.1,.895,0.4,1.9,2.3,1.5,0.4,0.2,0.7,1.5,12.7,burksal01
77,Jared Butler,SG,23,WAS,17,0,7.5,1.6,2.9,.560,0.6,1.4,.417,1.1,1.5,.692,.660,0.7,0.9,.800,0.0,0.6,0.6,1.8,0.5,0.1,0.6,0.8,4.6,butleja02
78,Jimmy Butler,PF,34,MIA,30,30,33.5,6.5,13.3,.485,0.9,2.1,.413,5.6,11.2,.499,.518,6.9,7.9,.881,1.9,3.0,4.9,4.4,1.2,0.3,1.8,1.1,20.7,butleji01
79,Jamal Cain,PF,24,MIA,14,1,14.9,2.1,4.7,.439,0.6,1.8,.320,1.5,2.9,.512,.500,1.0,1.4,.737,0.9,1.2,2.1,0.2,0.6,0.3,0.3,1.1,5.7,cainja01
80,Kentavious Caldwell-Pope,SG,30,DEN,44,44,32.3,3.6,7.9,.454,1.5,3.8,.395,2.1,4.1,.508,.549,1.4,1.6,.900,0.5,1.9,2.3,2.4,1.4,0.5,1.0,1.9,10.1,caldwke01
81,Toumani Camara,PF,23,POR,44,29,24.3,2.5,6.2,.408,0.7,2.6,.278,1.8,3.6,.503,.467,1.0,1.5,.708,1.9,3.0,4.9,1.0,1.0,0.5,1.2,2.6,6.8,camarto01
82,Clint Capela,C,29,ATL,43,43,25.8,4.6,8.2,.567,0.0,0.0,,4.6,8.2,.567,.567,1.9,2.9,.659,4.7,5.7,10.3,1.0,0.6,1.6,0.9,2.5,11.1,capelca01
83,Jevon Carter,PG,28,CHI,44,0,14.0,2.0,5.4,.364,1.2,3.5,.338,0.8,1.9,.412,.473,0.1,0.1,.600,0.1,0.7,0.8,1.2,0.5,0.3,0.5,1.1,5.2,carteje01
84,Wendell Carter Jr.,C,24,ORL,19,13,25.4,4.1,7.7,.531,1.2,2.6,.449,2.9,5.2,.571,.605,1.8,2.4,.739,1.9,4.9,6.8,1.6,0.6,0.6,1.2,2.1,11.2,cartewe01
85,Alex Caruso,SG,29,CHI,39,27,25.9,3.6,7.3,.491,1.8,4.4,.415,1.7,2.9,.607,.617,1.2,1.5,.776,1.0,2.6,3.5,2.7,1.3,1.0,1.3,2.4,10.1,carusal01
86,Colin Castleton,C,23,LAL,5,0,6.4,1.2,1.8,.667,0.0,0.0,,1.2,1.8,.667,.667,0.8,0.8,1.000,0.8,1.0,1.8,0.6,0.0,0.0,0.2,1.2,3.2,castlco01
87,Malcolm Cazalon,SG,22,DET,1,0,3.0,0.0,0.0,,0.0,0.0,,0.0,0.0,,,0.0,0.0,,0.0,0.0,0.0,0.0,0.0,0.0,0.0,0.0,0.0,cazalma01
88,Julian Champagnie,SF,22,SAS,38,23,15.7,2.0,4.8,.414,1.4,3.5,.396,0.6,1.2,.468,.561,0.8,0.9,.886,0.4,1.9,2.2,1.0,0.6,0.5,0.7,1.1,6.2,champju02
89,Max Christie,SG,20,LAL,36,6,17.2,1.8,4.3,.404,0.7,2.1,.325,1.1,2.2,.481,.484,0.7,0.8,.800,0.3,2.4,2.7,1.1,0.4,0.3,0.8,1.3,4.9,chrisma02
90,Sidy Cissoko,SF,19,SAS,5,0,6.4,0.2,1.2,.167,0.0,0.8,.000,0.2,0.4,.500,.167,0.8,0.8,1.000,0.0,1.2,1.2,0.0,0.6,0.0,0.2,0.4,1.2,cissosi01
91,Jordan Clarkson,SG,31,UTA,36,19,30.1,6.5,15.4,.421,1.8,5.6,.312,4.7,9.8,.483,.477,3.4,3.8,.891,1.0,2.6,3.7,5.1,0.6,0.1,2.9,1.3,18.1,clarkjo01
92,Nic Claxton,C,24,BRK,34,34,29.6,5.4,8.5,.642,0.0,0.1,.500,5.4,8.4,.643,.644,1.6,2.8,.574,3.1,7.2,10.3,1.8,0.7,2.2,1.1,2.5,12.5,claxtni01
93,Noah Clowney,PF,19,BRK,2,0,13.5,3.0,4.5,.667,0.0,0.5,.000,3.0,4.0,.750,.667,1.0,1.0,1.000,1.5,1.0,2.5,1.0,0.0,0.0,0.5,1.5,7.0,clownno01
94,Amir Coffey,SF,26,LAC,31,6,15.8,1.7,3.1,.558,0.7,1.6,.429,1.0,1.5,.696,.668,0.5,0.6,.842,0.4,1.3,1.6,0.7,0.3,0.0,0.4,1.3,4.6,coffeam01
95,John Collins,PF,26,UTA,42,40,27.6,5.4,10.7,.507,1.3,3.6,.351,4.1,7.1,.586,.566,1.9,2.4,.800,2.1,5.7,7.8,1.0,0.6,0.8,1.5,2.7,14.0,collijo01
96,Zach Collins,C,26,SAS,36,24,25.3,4.6,9.7,.479,1.0,3.4,.290,3.6,6.3,.582,.530,1.9,2.5,.769,1.9,3.8,5.7,3.2,0.6,0.7,2.2,3.3,12.2,colliza01
97,Mike Conley,PG,36,MIN,42,42,29.2,3.7,8.2,.446,2.3,5.3,.439,1.3,2.9,.459,.588,1.2,1.3,.926,0.4,2.4,2.7,6.4,1.0,0.2,1.1,1.7,10.9,conlemi01
98,Pat Connaughton,SF,31,MIL,39,0,21.1,1.9,4.4,.447,1.2,3.2,.382,0.7,1.2,.617,.585,0.4,0.5,.737,0.6,2.5,3.2,1.7,0.4,0.2,0.5,1.3,5.5,connapa01
99,Bilal Coulibaly,SF,19,WAS,43,1,26.2,3.0,6.4,.460,1.0,2.6,.381,2.0,3.8,.515,.538,1.2,1.8,.658,0.8,3.3,4.0,1.8,0.9,0.8,1.4,2.1,8.1,coulibi01
100,Ricky Council IV,SG,22,PHI,5,0,4.2,0.6,1.6,.375,0.2,0.4,.500,0.4,1.2,.333,.438,1.0,1.6,.625,0.2,0.0,0.2,0.0,0.2,0.0,0.0,0.2,2.4,councri01
101,Robert Covington,SF-PF,33,TOT,29,6,16.8,1.5,3.4,.439,0.7,1.9,.339,0.8,1.4,.571,.536,0.8,0.9,.846,1.1,2.3,3.3,0.8,1.3,0.6,0.4,1.9,4.4,covinro01
101,Robert Covington,PF,33,LAC,3,3,23.0,1.0,3.0,.333,0.7,2.7,.250,0.3,0.3,1.000,.444,0.3,0.7,.500,0.7,2.0,2.7,2.3,2.0,0.7,0.0,2.3,3.0,covinro01
101,Robert Covington,SF,33,PHI,26,3,16.1,1.5,3.4,.449,0.7,1.8,.354,0.9,1.6,.561,.545,0.8,0.9,.875,1.1,2.3,3.4,0.7,1.3,0.6,0.4,1.9,4.5,covinro01
102,Torrey Craig,SF,33,CHI,27,7,21.2,2.2,5.1,.424,1.1,2.8,.382,1.1,2.3,.476,.529,0.7,0.9,.783,1.9,3.0,4.8,1.0,0.6,0.4,0.6,2.5,6.1,craigto01
103,Jae Crowder,PF,33,MIL,14,2,23.2,2.5,5.4,.467,1.7,3.8,.453,0.8,1.6,.500,.627,0.6,1.0,.571,0.4,2.9,3.3,1.2,0.6,0.2,0.6,1.6,7.3,crowdja01
104,Cade Cunningham,PG,22,DET,36,36,34.5,8.5,19.0,.449,1.9,5.6,.335,6.7,13.4,.496,.498,3.9,4.5,.870,0.4,3.6,4.1,7.3,1.0,0.3,3.8,2.8,22.8,cunnica01
105,Seth Curry,SG,33,DAL,33,3,12.8,1.5,4.0,.364,0.8,2.2,.378,0.6,1.8,.345,.470,0.4,0.5,.875,0.4,1.0,1.4,0.8,0.5,0.1,0.4,0.9,4.2,curryse01
106,Stephen Curry,PG,35,GSW,39,39,33.2,8.5,19.1,.448,4.6,11.4,.402,4.0,7.7,.515,.567,5.2,5.6,.927,0.5,3.8,4.2,4.9,0.8,0.4,3.0,1.8,26.8,curryst01
107,Dyson Daniels,PG,20,NOP,45,14,22.0,2.2,5.1,.426,0.6,2.2,.283,1.6,2.9,.534,.487,0.7,1.1,.646,1.0,2.8,3.8,2.6,1.3,0.3,1.0,1.6,5.7,daniedy01
108,Anthony Davis,C,30,LAL,44,44,35.9,9.5,16.9,.558,0.3,1.1,.298,9.1,15.9,.576,.568,5.7,7.0,.808,3.2,9.0,12.2,3.8,1.2,2.3,2.1,2.5,24.9,davisan02
109,Johnny Davis,SG,21,WAS,20,0,7.6,1.1,2.4,.438,0.1,0.2,.333,1.0,2.3,.444,.448,0.2,0.3,.800,0.5,0.6,1.0,0.3,0.4,0.1,0.3,0.6,2.4,davisjo06
110,JD Davison,SG,21,BOS,2,0,3.0,0.0,0.5,.000,0.0,0.5,.000,0.0,0.0,,.000,1.0,1.0,1.000,0.5,0.5,1.0,0.0,0.0,0.0,0.0,0.0,1.0,davisjd01
111,Dexter Dennis,SG,24,DAL,4,0,7.5,2.5,4.8,.526,0.3,2.0,.125,2.3,2.8,.818,.553,0.3,0.8,.333,0.3,2.0,2.3,1.0,0.0,0.3,0.8,0.3,5.5,dennide01
112,DeMar DeRozan,SF,34,CHI,44,44,37.2,7.8,16.6,.466,1.0,2.8,.344,6.8,13.8,.491,.495,5.7,6.7,.847,0.6,3.4,4.0,5.4,1.1,0.6,1.5,2.2,22.1,derozde01
113,Moussa Diabaté,C,22,LAC,10,0,5.8,0.9,1.8,.500,0.0,0.0,,0.9,1.8,.500,.500,0.9,1.2,.750,1.4,0.6,2.0,0.4,0.4,0.0,0.2,0.4,2.7,diabamo01
114,Mamadi Diakite,PF,27,SAS,3,0,5.3,1.3,1.7,.800,0.0,0.0,,1.3,1.7,.800,.800,1.3,2.0,.667,0.3,0.7,1.0,0.7,0.0,0.3,0.0,0.3,4.0,diakima01
115,Hamidou Diallo,SG,25,WAS,2,0,2.5,0.5,1.0,.500,0.0,0.0,,0.5,1.0,.500,.500,0.0,0.0,,1.0,0.0,1.0,0.5,1.0,0.0,0.5,0.5,1.0,diallha01
116,Gradey Dick,SG,20,TOR,24,1,12.9,1.2,3.7,.330,0.7,2.4,.276,0.5,1.3,.433,.420,0.6,0.6,1.000,0.4,1.0,1.3,1.0,0.4,0.0,0.6,1.3,3.7,dickgr01
117,Ousmane Dieng,PF,20,OKC,22,0,11.4,1.5,3.5,.423,0.7,2.4,.308,0.8,1.2,.654,.526,0.5,0.5,.833,0.4,1.5,1.9,0.9,0.1,0.0,0.5,0.7,4.2,diengou01
118,Spencer Dinwiddie,PG,30,BRK,42,42,30.5,4.2,10.7,.397,2.0,6.0,.332,2.2,4.6,.482,.491,2.7,3.5,.788,0.6,2.9,3.5,6.0,0.8,0.2,1.4,1.7,13.2,dinwisp01
119,Donte DiVincenzo,SG,27,NYK,45,27,22.3,4.0,8.6,.459,2.6,6.3,.420,1.3,2.3,.562,.612,0.9,1.2,.722,0.8,2.4,3.2,2.2,1.1,0.3,1.1,1.9,11.4,divindo01
120,Luka Dončić,PG,24,DAL,38,38,37.1,11.8,24.0,.492,4.0,10.4,.381,7.8,13.6,.577,.575,7.1,9.1,.777,0.8,7.8,8.6,9.2,1.4,0.6,3.9,1.8,34.6,doncilu01
121,Luguentz Dort,SF,24,OKC,43,43,28.5,3.7,8.1,.450,1.9,4.6,.402,1.8,3.5,.513,.564,1.7,2.1,.813,1.2,2.6,3.9,1.3,0.9,0.8,1.0,3.1,10.9,dortlu01
122,Ayo Dosunmu,SG,24,CHI,44,6,23.4,3.5,7.1,.484,1.1,2.9,.370,2.4,4.3,.561,.559,1.0,1.2,.815,0.7,1.8,2.5,2.0,0.8,0.4,0.9,1.9,9.0,dosunay01
123,Andre Drummond,C,30,CHI,46,7,15.9,3.1,5.6,.553,0.0,0.0,.000,3.1,5.5,.557,.553,1.5,2.7,.553,3.3,5.0,8.4,0.6,1.2,0.6,1.1,1.7,7.7,drumman01
124,Chris Duarte,SF,26,SAC,35,11,13.2,1.3,3.6,.360,0.6,1.9,.313,0.7,1.7,.414,.444,0.5,0.7,.750,0.4,1.5,1.8,0.9,0.5,0.1,0.6,1.7,3.7,duartch01
125,Kris Dunn,PG,29,UTA,38,20,17.6,2.1,4.4,.479,0.5,1.4,.377,1.6,3.1,.526,.538,0.3,0.5,.667,0.7,2.2,2.9,4.2,0.9,0.4,1.2,1.9,5.1,dunnkr01
126,Kevin Durant,PF,35,PHO,38,38,37.2,10.3,19.4,.531,2.3,5.0,.455,8.0,14.4,.557,.590,6.0,6.8,.873,0.5,5.9,6.4,5.7,0.9,1.2,3.1,1.9,28.8,duranke01
127,Jalen Duren,C,20,DET,29,28,29.7,6.2,9.8,.636,0.0,0.1,.000,6.2,9.7,.641,.636,1.6,2.2,.692,3.1,8.2,11.3,2.5,0.4,0.9,2.0,3.3,14.0,durenja01
128,Tari Eason,PF,22,HOU,22,0,21.8,4.0,8.6,.466,0.8,2.3,.360,3.2,6.3,.504,.513,1.0,1.5,.636,2.1,4.9,7.0,1.2,1.4,0.9,0.9,2.3,9.8,easonta01
129,Anthony Edwards,SG,22,MIN,42,42,34.8,8.8,19.3,.458,2.4,6.4,.374,6.4,12.9,.500,.520,5.7,6.7,.844,0.6,4.5,5.2,5.1,1.2,0.5,3.4,1.9,25.7,edwaran01
130,Kessler Edwards,SF,23,SAC,29,0,5.0,0.6,1.4,.405,0.3,0.9,.346,0.3,0.6,.500,.512,0.1,0.1,.750,0.2,0.6,0.8,0.3,0.1,0.1,0.0,0.4,1.6,edwarke02
131,Keon Ellis,SG,24,SAC,28,3,12.2,1.3,3.0,.434,0.9,2.4,.382,0.4,0.5,.667,.590,0.4,0.6,.647,0.3,1.0,1.3,1.3,0.5,0.4,0.5,1.4,3.9,elliske01
132,Joel Embiid,C,29,PHI,33,33,34.2,12.0,22.3,.539,1.2,3.2,.368,10.8,19.1,.568,.566,10.7,12.2,.883,2.7,8.8,11.4,5.8,1.1,1.8,3.6,2.8,36.0,embiijo01
133,Drew Eubanks,C,26,PHO,39,2,15.6,2.2,3.7,.608,0.1,0.1,1.000,2.2,3.6,.600,.619,1.1,1.4,.764,1.4,2.7,4.1,0.9,0.3,0.8,1.0,1.7,5.6,eubandr01
134,Dante Exum,PG,28,DAL,32,14,19.7,3.6,6.3,.571,1.0,2.0,.477,2.7,4.3,.616,.648,1.0,1.4,.727,0.6,2.2,2.8,2.8,0.6,0.2,0.8,1.6,9.2,exumda01
135,Bruno Fernando,C,25,ATL,13,0,6.5,1.1,2.1,.519,0.0,0.2,.000,1.1,1.8,.583,.519,0.8,1.5,.526,0.5,1.5,2.0,0.3,0.2,0.4,0.5,0.9,2.9,fernabr01
136,Dorian Finney-Smith,PF,30,BRK,41,30,28.8,3.2,8.0,.405,2.0,5.4,.378,1.2,2.6,.462,.534,0.3,0.4,.813,1.8,3.0,4.8,1.4,0.7,0.6,0.8,2.2,8.9,finnedo01
137,Malachi Flynn,PG,25,TOT,39,0,13.1,1.6,3.8,.413,0.8,2.3,.341,0.8,1.6,.516,.513,0.5,0.7,.750,0.3,1.4,1.7,2.0,0.5,0.2,0.9,1.2,4.5,flynnma01
137,Malachi Flynn,PG,25,TOR,31,0,15.3,1.8,4.4,.409,0.9,2.6,.350,0.9,1.8,.491,.511,0.5,0.7,.773,0.4,1.7,2.1,2.4,0.6,0.2,1.1,1.4,5.1,flynnma01
137,Malachi Flynn,PG,25,NYK,8,0,4.4,0.8,1.6,.462,0.3,1.0,.250,0.5,0.6,.800,.538,0.5,0.8,.667,0.0,0.4,0.4,0.5,0.1,0.0,0.3,0.4,2.3,flynnma01
138,Simone Fontecchio,SF,28,UTA,44,28,22.8,3.3,7.1,.459,1.9,4.7,.403,1.4,2.5,.565,.591,0.7,0.9,.789,1.0,2.5,3.4,1.4,0.6,0.4,1.1,1.7,9.1,fontesi01
139,Jordan Ford,PG,25,SAC,6,0,3.7,0.7,1.2,.571,0.3,0.5,.667,0.3,0.7,.500,.714,0.3,0.3,1.000,0.0,0.3,0.3,0.3,0.0,0.0,0.2,0.0,2.0,fordjo01
140,Trent Forrest,SG,25,ATL,18,0,10.9,0.8,2.6,.326,0.1,0.3,.333,0.7,2.2,.325,.348,0.4,0.6,.800,0.3,1.2,1.4,1.9,0.4,0.1,0.6,0.9,2.2,forretr01
141,Evan Fournier,SG,31,NYK,3,0,13.0,1.3,6.7,.200,0.7,5.0,.133,0.7,1.7,.400,.250,0.7,0.7,1.000,0.0,1.3,1.3,1.0,1.3,0.0,0.3,1.3,4.0,fournev01
142,De'Aaron Fox,PG,26,SAC,37,37,35.6,9.7,20.8,.467,3.2,8.1,.391,6.6,12.8,.515,.543,4.9,6.7,.726,0.9,3.2,4.1,5.6,1.6,0.4,2.5,2.5,27.5,foxde01
143,Javon Freeman-Liberty,PG,24,TOR,2,0,2.0,0.5,1.5,.333,0.0,0.0,,0.5,1.5,.333,.333,0.0,0.0,,0.5,0.0,0.5,0.0,0.0,0.0,0.0,0.0,1.0,freemja01
144,Alex Fudge,SF,20,LAL,4,0,3.5,0.3,1.5,.167,0.0,0.5,.000,0.3,1.0,.250,.167,0.5,0.5,1.000,0.5,0.0,0.5,0.0,0.0,0.0,0.3,0.3,1.0,fudgeal01
145,Markelle Fultz,PG,25,ORL,13,7,24.2,4.0,8.0,.500,0.0,0.2,.000,4.0,7.8,.515,.500,0.4,0.8,.455,1.2,1.8,3.0,3.6,1.1,0.4,1.3,1.7,8.4,fultzma01
146,Daniel Gafford,C,25,WAS,39,39,26.2,4.4,6.3,.697,0.0,0.0,,4.4,6.3,.697,.697,1.9,2.6,.723,2.6,4.9,7.5,1.6,0.9,2.2,1.1,3.3,10.6,gaffoda01
147,Danilo Gallinari,PF-SF,35,TOT,28,0,14.7,2.2,4.9,.449,0.8,2.4,.333,1.4,2.5,.557,.529,1.9,2.3,.844,0.4,2.4,2.9,1.3,0.2,0.1,0.4,1.0,7.1,gallida01
147,Danilo Gallinari,PF,35,WAS,26,0,14.8,2.2,5.0,.435,0.8,2.5,.313,1.4,2.6,.552,.511,1.8,2.2,.839,0.5,2.5,2.9,1.2,0.2,0.1,0.5,1.0,7.0,gallida01
147,Danilo Gallinari,SF,35,DET,2,0,13.0,2.0,2.5,.800,1.0,1.0,1.000,1.0,1.5,.667,1.000,3.5,4.0,.875,0.0,2.0,2.0,2.5,0.0,0.0,0.0,1.0,8.5,gallida01
148,Darius Garland,PG,24,CLE,20,20,34.0,7.6,16.1,.470,1.8,5.2,.346,5.8,10.9,.530,.526,3.8,4.6,.835,0.6,2.2,2.8,5.9,1.6,0.2,3.8,1.6,20.7,garlada01
149,Usman Garuba,PF,21,GSW,2,0,3.0,0.0,0.5,.000,0.0,0.0,,0.0,0.5,.000,.000,0.0,0.0,,0.0,0.0,0.0,0.5,0.5,0.0,0.0,0.5,0.0,garubus01
150,Luka Garza,C,25,MIN,9,0,2.6,0.6,1.8,.313,0.0,0.6,.000,0.6,1.2,.455,.313,0.6,0.9,.625,0.4,0.4,0.9,0.2,0.0,0.0,0.2,0.8,1.7,garzalu01
151,Kaiser Gates,SF,27,NOP,1,0,7.0,0.0,4.0,.000,0.0,2.0,.000,0.0,2.0,.000,.000,0.0,0.0,,0.0,1.0,1.0,0.0,0.0,0.0,0.0,0.0,0.0,gateska01
152,Keyonte George,PG,20,UTA,40,16,24.5,3.3,9.1,.364,1.7,5.1,.325,1.7,4.0,.413,.455,2.5,3.1,.811,0.3,2.5,2.8,4.4,0.5,0.1,2.1,1.0,10.7,georgke01
153,Paul George,PF,33,LAC,41,41,34.5,8.2,17.7,.466,3.5,8.5,.417,4.7,9.2,.512,.566,3.4,3.7,.908,0.6,4.9,5.5,3.6,1.6,0.4,2.1,2.9,23.4,georgpa01
154,Taj Gibson,PF,38,NYK,10,0,9.7,0.7,1.4,.500,0.0,0.4,.000,0.7,1.0,.700,.500,0.0,0.0,,0.6,1.2,1.8,0.5,0.1,0.6,0.2,2.0,1.4,gibsota01
155,Josh Giddey,SG,21,OKC,44,44,24.8,4.8,10.5,.454,0.9,2.7,.333,3.8,7.7,.497,.498,1.1,1.4,.806,1.4,4.8,6.2,4.6,0.7,0.4,2.1,1.3,11.5,giddejo01
156,Harry Giles,C,25,BRK,12,0,5.6,1.5,3.0,.500,0.1,0.7,.125,1.4,2.3,.607,.514,0.5,0.9,.545,0.8,0.8,1.6,0.3,0.1,0.3,0.3,0.8,3.6,gilesha01
157,Shai Gilgeous-Alexander,PG,25,OKC,44,44,34.3,10.9,20.1,.545,1.2,3.5,.331,9.8,16.6,.590,.574,8.1,9.1,.890,0.9,4.7,5.6,6.4,2.3,0.8,2.1,2.5,31.1,gilgesh01
158,Anthony Gill,PF,31,WAS,26,0,5.7,0.8,1.7,.489,0.1,0.4,.182,0.8,1.3,.588,.511,0.5,0.6,.750,0.5,0.8,1.3,0.4,0.1,0.2,0.4,0.5,2.2,gillan01
159,Collin Gillespie,PG,24,DEN,14,0,6.9,0.8,1.7,.458,0.3,0.9,.308,0.5,0.8,.636,.542,0.3,0.4,.800,0.1,0.3,0.4,0.6,0.4,0.0,0.4,0.9,2.1,gilleco01
160,Jacob Gilyard,PG,25,MEM,28,10,16.4,1.3,3.4,.389,1.1,2.8,.397,0.2,0.6,.353,.553,0.0,0.0,1.000,0.3,0.8,1.0,3.3,0.6,0.1,0.6,0.9,3.8,gilyaja01
161,Rudy Gobert,C,31,MIN,44,44,33.0,5.0,8.0,.629,0.0,0.0,.000,5.0,7.9,.632,.629,3.3,5.1,.636,3.5,9.0,12.5,1.2,0.6,2.1,1.6,2.9,13.3,goberru01
162,Jordan Goodwin,PG,25,PHO,36,0,15.2,2.0,5.2,.380,0.6,2.2,.288,1.3,3.0,.449,.441,0.6,0.8,.852,1.1,2.1,3.2,2.1,0.6,0.2,0.8,1.2,5.2,goodwjo01
163,Aaron Gordon,PF,28,DEN,40,40,32.1,5.4,10.0,.541,0.5,1.8,.278,4.9,8.2,.599,.566,2.2,3.6,.627,2.6,4.0,6.6,3.1,0.8,0.6,1.3,1.8,13.5,gordoaa01
164,Eric Gordon,SG,35,PHO,37,19,30.4,4.6,10.4,.445,2.5,6.6,.374,2.2,3.8,.567,.564,0.8,1.1,.769,0.3,1.8,2.1,2.3,0.9,0.5,1.3,1.3,12.5,gordoer01
165,Devonte' Graham,PG,28,SAS,10,0,8.8,1.1,2.8,.393,0.7,2.0,.350,0.4,0.8,.500,.518,0.6,0.8,.750,0.2,1.1,1.3,1.9,0.3,0.1,0.3,0.4,3.5,grahade01
166,Jerami Grant,PF,29,POR,40,40,33.4,7.4,16.0,.459,2.2,5.3,.410,5.2,10.7,.484,.527,4.3,5.3,.798,0.7,2.9,3.6,2.6,0.7,0.8,2.0,2.1,21.1,grantje01
167,A.J. Green,SG,24,MIL,27,0,7.6,1.1,2.6,.429,0.9,2.2,.417,0.2,0.4,.500,.607,0.1,0.1,1.000,0.2,0.6,0.8,0.6,0.0,0.0,0.0,0.9,3.3,greenaj01
168,Danny Green,SG,36,PHI,2,0,9.0,0.0,1.0,.000,0.0,0.5,.000,0.0,0.5,.000,.000,0.0,0.0,,0.0,1.0,1.0,0.5,0.5,0.0,0.0,0.5,0.0,greenda02
169,Draymond Green,PF,33,GSW,18,15,25.3,3.2,6.5,.496,1.2,2.6,.447,2.1,3.9,.529,.585,1.8,2.2,.800,1.3,4.2,5.5,5.8,0.7,0.7,2.4,3.1,9.4,greendr01
170,Jalen Green,SG,21,HOU,44,44,30.4,6.0,14.8,.407,2.0,6.4,.314,4.0,8.4,.478,.475,3.7,4.6,.802,0.4,4.2,4.6,3.2,0.6,0.3,2.2,1.3,17.8,greenja05
171,Jeff Green,PF,37,HOU,42,3,16.9,2.1,4.0,.518,0.4,1.3,.302,1.7,2.8,.615,.565,1.8,2.2,.824,0.6,1.5,2.1,0.7,0.2,0.5,0.7,1.5,6.4,greenje02
172,Josh Green,SG,23,DAL,32,15,26.4,3.0,6.4,.471,1.3,3.3,.400,1.7,3.2,.545,.573,0.6,1.1,.559,0.7,2.4,3.1,2.5,0.7,0.2,1.1,1.9,8.0,greenjo02
173,AJ Griffin,SF,20,ATL,17,0,7.7,0.8,2.6,.295,0.5,1.9,.273,0.2,0.6,.364,.398,0.1,0.1,1.000,0.1,0.6,0.8,0.2,0.1,0.1,0.4,0.4,2.2,griffaj01
174,Quentin Grimes,SG,23,NYK,42,18,19.8,2.5,6.2,.398,1.7,4.6,.369,0.7,1.5,.484,.537,0.4,0.6,.750,0.3,1.5,1.8,1.1,0.7,0.1,0.5,1.5,7.0,grimequ01
175,Mouhamed Gueye,PF,21,ATL,2,0,2.0,0.0,0.5,.000,0.0,0.5,.000,0.0,0.0,,.000,0.0,0.0,,0.0,0.0,0.0,0.0,0.5,0.0,0.0,0.5,0.0,gueyemo02
176,Rui Hachimura,PF,25,LAL,32,7,23.0,4.2,8.8,.480,1.1,2.9,.372,3.1,5.8,.535,.543,1.6,2.0,.769,0.8,2.7,3.4,1.1,0.8,0.3,0.8,1.4,11.1,hachiru01
177,Tyrese Haliburton,PG,23,IND,34,34,33.4,8.4,16.9,.496,3.4,8.4,.400,5.0,8.5,.590,.595,3.5,4.1,.862,0.6,3.5,4.1,12.6,1.1,0.6,2.5,1.1,23.6,halibty01
178,R.J. Hampton,PG,22,MIA,8,2,9.5,0.5,1.8,.286,0.1,1.0,.125,0.4,0.8,.500,.321,0.1,0.3,.500,0.3,0.5,0.8,1.0,0.0,0.0,0.4,1.0,1.3,hamptrj01
179,Tim Hardaway Jr.,SF,31,DAL,42,8,29.9,6.1,14.6,.418,3.3,8.9,.366,2.9,5.7,.498,.529,2.5,2.9,.875,0.4,3.3,3.6,1.7,0.5,0.0,1.0,1.5,18.0,hardati02
180,James Harden,PG,34,LAC,38,38,34.3,5.2,11.3,.459,2.7,6.5,.419,2.5,4.8,.514,.580,4.3,4.9,.876,0.3,4.3,4.7,8.6,1.2,0.9,2.6,2.1,17.4,hardeja01
181,Jaden Hardy,SG,21,DAL,40,4,15.4,2.8,7.4,.380,1.3,3.8,.351,1.5,3.6,.410,.469,0.8,1.1,.689,0.3,1.8,2.1,1.6,0.3,0.1,0.7,1.2,7.7,hardyja02
182,Ron Harper Jr.,PF,23,TOR,1,0,4.0,0.0,0.0,,0.0,0.0,,0.0,0.0,,,0.0,0.0,,0.0,0.0,0.0,1.0,0.0,0.0,0.0,2.0,0.0,harpero02
183,Gary Harris,SG,29,ORL,27,6,22.8,2.4,5.7,.429,1.3,4.0,.333,1.1,1.7,.652,.545,0.9,1.1,.774,0.5,1.2,1.7,1.9,0.9,0.2,0.5,1.7,7.1,harriga01
184,Joe Harris,SG,32,DET,15,0,10.5,0.9,2.4,.361,0.7,1.9,.345,0.2,0.5,.429,.500,0.1,0.1,.500,0.2,0.7,0.9,0.7,0.2,0.1,0.3,1.2,2.5,harrijo01
185,Kevon Harris,SG,26,ORL,1,0,3.0,0.0,0.0,,0.0,0.0,,0.0,0.0,,,0.0,0.0,,0.0,1.0,1.0,0.0,0.0,0.0,1.0,1.0,0.0,harrike01
186,Tobias Harris,PF,31,PHI,41,41,34.1,6.7,13.1,.509,1.2,3.5,.359,5.4,9.6,.563,.557,3.1,3.5,.902,1.0,5.0,6.0,3.2,1.0,0.5,1.5,1.7,17.7,harrito02
187,Shaquille Harrison,SG,30,MEM,3,0,2.0,0.3,0.7,.500,0.0,0.0,,0.3,0.7,.500,.500,0.0,0.0,,0.0,0.7,0.7,0.0,0.0,0.3,0.0,0.0,0.7,harrish01
188,Josh Hart,SF,28,NYK,44,6,28.1,2.8,6.5,.435,0.9,2.8,.314,2.0,3.7,.524,.502,0.7,0.8,.806,1.2,5.2,6.5,2.7,0.8,0.3,1.2,1.9,7.2,hartjo01
189,Isaiah Hartenstein,C,25,NYK,43,17,25.6,2.6,4.3,.605,0.0,0.1,.333,2.6,4.2,.610,.608,1.4,2.0,.694,3.3,5.2,8.5,2.0,1.2,1.1,1.2,2.9,6.6,harteis01
190,Sam Hauser,SF,26,BOS,44,5,21.5,2.8,6.3,.441,2.2,5.4,.406,0.6,0.9,.650,.615,0.3,0.3,.846,0.7,2.9,3.6,1.0,0.4,0.3,0.5,1.3,8.0,hausesa01
191,Jordan Hawkins,SG,21,NOP,40,10,21.7,3.6,8.6,.414,2.2,5.6,.396,1.4,3.0,.450,.543,1.5,1.8,.843,0.6,2.2,2.7,1.4,0.4,0.1,0.8,1.5,10.9,hawkijo01
192,Jaxson Hayes,C,23,LAL,36,1,9.5,1.2,1.8,.662,0.0,0.1,.000,1.2,1.7,.717,.662,0.4,0.8,.536,0.4,1.2,1.7,0.3,0.2,0.3,0.5,1.8,2.8,hayesja02
193,Killian Hayes,PG,22,DET,39,29,24.5,2.9,7.0,.412,0.5,1.8,.286,2.4,5.2,.455,.449,0.8,1.3,.660,0.3,2.6,2.8,4.9,0.9,0.5,1.2,1.8,7.1,hayeski01
194,Gordon Hayward,SF,33,CHO,25,25,31.9,5.6,11.9,.468,0.9,2.4,.361,4.7,9.4,.496,.505,2.5,3.2,.765,1.0,3.7,4.7,4.6,1.1,0.5,2.0,1.8,14.5,haywago01
195,Scoot Henderson,PG,19,POR,36,15,26.6,4.4,11.9,.365,1.2,3.9,.296,3.2,8.0,.399,.414,2.3,3.0,.769,0.8,2.1,2.9,4.6,0.6,0.2,3.1,3.0,12.2,hendesc01
196,Taylor Hendricks,PF,20,UTA,13,0,13.9,1.8,4.5,.397,0.9,2.7,.343,0.8,1.8,.478,.500,0.5,0.6,.750,0.8,1.4,2.2,0.5,0.7,0.5,0.7,0.9,4.9,hendrita01
197,Tyler Herro,SG,24,MIA,26,26,34.0,8.2,18.5,.440,3.3,8.2,.404,4.8,10.3,.468,.529,2.2,2.5,.848,0.6,4.9,5.5,4.2,1.1,0.1,2.5,1.5,21.8,herroty01
198,Buddy Hield,SF,31,IND,46,25,25.8,4.5,10.2,.447,2.8,7.1,.390,1.8,3.1,.577,.582,0.6,0.7,.848,0.7,2.5,3.2,2.7,0.8,0.6,1.3,2.0,12.5,hieldbu01
199,Haywood Highsmith,PF,27,MIA,31,19,21.5,2.2,5.1,.430,1.2,3.0,.398,1.0,2.1,.477,.547,0.6,0.7,.783,0.8,2.1,2.9,1.2,1.0,0.5,0.7,2.0,6.2,highsha01
200,Nate Hinton,SG,24,HOU,6,0,5.5,0.8,1.8,.455,0.7,0.8,.800,0.2,1.0,.167,.636,0.0,0.0,,0.3,1.0,1.3,0.3,0.0,0.2,0.3,1.2,2.3,hintona01
201,D'Moi Hodge,SG,25,LAL,7,0,5.9,0.7,2.1,.333,0.4,1.7,.250,0.3,0.4,.667,.433,0.1,0.3,.500,0.0,0.0,0.0,0.7,0.1,0.1,0.1,0.6,2.0,hodgedm01
202,Aaron Holiday,PG,27,HOU,42,1,17.1,2.4,5.3,.450,1.2,2.9,.407,1.2,2.4,.505,.563,0.7,0.8,.912,0.2,1.6,1.9,1.7,0.5,0.1,0.7,1.5,6.7,holidaa01
203,Jrue Holiday,PG,33,BOS,41,41,33.7,5.0,10.9,.463,2.1,4.9,.425,3.0,6.0,.494,.558,1.1,1.4,.821,1.4,4.8,6.2,4.6,0.8,0.8,1.9,1.6,13.3,holidjr01
204,Justin Holiday,SG,34,DEN,26,6,13.0,1.3,2.7,.493,0.8,1.9,.429,0.5,0.8,.636,.641,0.0,0.0,,0.2,1.0,1.2,1.0,0.6,0.0,0.2,1.2,3.5,holidju01
205,Richaun Holmes,C,30,DAL,19,1,10.0,1.4,2.6,.540,0.0,0.0,,1.4,2.6,.540,.540,0.5,0.9,.500,1.5,1.9,3.5,0.5,0.1,0.4,0.5,1.3,3.3,holmeri01
206,Chet Holmgren,C,21,OKC,45,45,30.2,6.5,12.0,.542,1.6,4.2,.383,4.9,7.8,.627,.609,2.6,3.3,.779,1.5,5.9,7.4,2.8,0.6,2.6,1.7,2.7,17.2,holmgch01
207,Jalen Hood-Schifino,SG,20,LAL,12,0,7.1,0.7,2.8,.242,0.1,0.8,.111,0.6,2.0,.292,.258,0.6,1.0,.583,0.2,0.7,0.8,0.6,0.3,0.1,0.7,0.8,2.0,hoodsja01
208,Al Horford,C,37,BOS,37,17,27.1,2.9,5.9,.495,1.6,3.9,.421,1.3,2.0,.640,.634,0.3,0.4,.857,1.4,5.5,6.9,2.9,0.5,1.0,0.8,1.6,7.9,horfoal01
209,Talen Horton-Tucker,PG,23,UTA,31,11,21.5,4.0,9.9,.408,1.2,3.6,.327,2.8,6.2,.456,.469,1.7,2.1,.800,0.4,2.2,2.5,4.1,1.1,0.4,1.6,2.0,10.9,hortota01
210,Danuel House Jr.,SF,30,PHI,28,0,13.8,1.3,2.9,.457,0.5,1.4,.359,0.8,1.5,.548,.543,0.9,1.2,.706,0.4,1.1,1.5,0.8,0.4,0.1,0.6,1.1,4.0,houseda01
211,Caleb Houstan,SF,21,ORL,35,7,16.0,1.6,4.2,.378,1.4,3.9,.355,0.2,0.3,.700,.544,0.5,0.6,.773,0.6,1.1,1.7,0.7,0.3,0.0,0.4,1.3,5.1,houstca01
212,Jett Howard,SF,20,ORL,11,0,3.8,0.6,1.7,.368,0.4,1.3,.286,0.3,0.5,.600,.474,0.2,0.4,.500,0.1,0.4,0.5,0.3,0.0,0.1,0.2,0.1,1.8,howarje01
213,Kevin Huerter,SG,25,SAC,41,36,24.1,3.9,8.9,.440,2.0,5.5,.360,1.9,3.4,.568,.551,0.7,0.9,.778,0.5,3.2,3.8,2.6,0.7,0.3,0.6,2.2,10.5,huertke01
214,Jay Huff,C,25,DEN,6,0,2.8,0.5,1.0,.500,0.2,0.7,.250,0.3,0.3,1.000,.583,0.0,0.0,,0.0,0.2,0.2,0.2,0.0,0.0,0.2,0.8,1.2,huffja01
215,De'Andre Hunter,SF,26,ATL,24,24,30.3,5.1,11.0,.460,1.9,4.8,.404,3.2,6.3,.503,.547,2.8,3.1,.907,0.6,3.5,4.1,1.4,0.8,0.4,1.5,3.0,14.9,huntede01
216,Bones Hyland,PG,23,LAC,17,2,13.8,2.5,6.4,.389,1.2,3.3,.357,1.3,3.1,.423,.481,0.6,0.7,.833,0.1,0.8,0.9,1.7,0.5,0.1,1.2,1.4,6.7,hylanbo01
217,Joe Ingles,SF,36,ORL,31,0,18.4,1.7,4.2,.403,1.0,2.6,.390,0.6,1.5,.426,.527,0.5,0.6,.850,0.5,2.1,2.5,3.3,0.7,0.1,1.0,1.6,4.9,inglejo01
218,Brandon Ingram,SF,26,NOP,41,41,33.1,7.9,16.1,.488,1.3,3.8,.353,6.5,12.3,.530,.530,4.1,5.1,.804,0.6,4.2,4.8,5.8,0.8,0.5,2.5,2.2,21.1,ingrabr01
219,Kyrie Irving,SG,31,DAL,27,27,33.3,9.3,19.6,.472,2.9,7.0,.411,6.4,12.6,.506,.545,3.8,4.2,.895,0.8,4.3,5.1,5.3,1.3,0.4,1.6,1.9,25.2,irvinky01
220,Jonathan Isaac,PF,26,ORL,27,0,13.9,2.2,4.7,.469,0.6,2.0,.278,1.7,2.7,.608,.527,1.3,1.6,.795,1.1,2.9,4.0,0.4,0.7,1.1,0.4,1.1,6.3,isaacjo01
221,Jaden Ivey,SG,21,DET,40,24,26.5,5.0,11.1,.451,1.3,4.0,.317,3.7,7.1,.528,.509,3.0,4.1,.732,1.3,2.4,3.7,3.7,0.8,0.6,2.3,2.8,14.3,iveyja01
222,Andre Jackson Jr.,SG,22,MIL,38,8,11.4,1.1,2.0,.545,0.3,0.9,.371,0.8,1.1,.690,.630,0.2,0.2,.889,0.9,1.3,2.2,0.9,0.3,0.1,0.5,1.9,2.8,jacksan01
223,Gregory Jackson II,PF,19,MEM,13,0,13.3,2.4,4.8,.500,1.2,2.5,.500,1.2,2.3,.500,.629,1.3,1.8,.708,0.7,1.8,2.5,0.5,0.3,0.5,0.5,1.2,7.3,jacksgg01
224,Isaiah Jackson,C,22,IND,35,1,13.4,2.7,4.1,.664,0.0,0.1,.000,2.7,4.0,.674,.664,1.3,1.8,.688,1.4,2.6,4.0,0.9,0.6,1.2,0.7,2.7,6.7,jacksis01
225,Jaren Jackson Jr.,C,24,MEM,43,43,31.7,7.5,16.7,.450,1.8,5.4,.325,5.8,11.3,.510,.503,5.0,6.0,.830,1.3,4.4,5.7,1.9,1.0,1.6,2.1,3.5,21.8,jacksja02
226,Reggie Jackson,PG,33,DEN,46,14,23.2,4.5,9.6,.465,1.3,3.6,.376,3.1,6.0,.518,.535,0.9,1.2,.750,0.4,1.7,2.0,4.1,0.6,0.2,1.5,1.8,11.2,jacksre01
227,Trayce Jackson-Davis,PF,23,GSW,31,3,14.5,2.9,4.3,.682,0.0,0.0,,2.9,4.3,.682,.682,1.1,1.9,.576,1.7,2.6,4.4,1.0,0.4,0.9,0.7,1.7,6.9,jackstr02
228,LeBron James,PF,39,LAL,41,41,34.3,9.3,17.8,.520,2.2,5.5,.397,7.1,12.4,.574,.581,4.1,5.5,.742,0.9,6.2,7.1,7.5,1.3,0.6,3.4,1.1,24.8,jamesle01
229,Jaime Jaquez Jr.,SF,22,MIA,39,15,30.2,5.4,10.6,.513,1.1,3.0,.353,4.4,7.6,.576,.563,2.1,2.5,.837,1.3,2.6,3.9,2.7,1.1,0.3,1.7,2.5,14.0,jaqueja01
230,DaQuan Jeffries,SG,26,NYK,10,0,3.0,0.5,1.2,.417,0.1,0.5,.200,0.4,0.7,.571,.458,0.0,0.2,.000,0.0,0.5,0.5,0.2,0.0,0.0,0.1,0.2,1.1,jeffrda01
231,Trey Jemison,C,24,WAS,2,0,0.5,0.0,0.0,,0.0,0.0,,0.0,0.0,,,0.0,0.0,,0.0,0.5,0.5,0.0,0.0,0.0,0.5,0.0,0.0,jemistr01
232,Ty Jerome,SG,26,CLE,2,0,7.5,1.0,2.0,.500,0.0,0.5,.000,1.0,1.5,.667,.500,0.0,0.0,,0.5,0.0,0.5,1.5,0.0,0.0,0.5,1.0,2.0,jeromty01
233,Isaiah Joe,SG,24,OKC,45,0,19.0,3.0,6.6,.458,2.1,4.9,.425,0.9,1.6,.554,.617,0.7,0.8,.842,0.4,2.0,2.4,1.2,0.6,0.3,0.6,1.2,8.8,joeis01
234,Cameron Johnson,PF,27,BRK,36,36,28.3,5.1,11.3,.452,2.4,6.1,.398,2.7,5.2,.516,.560,1.1,1.6,.714,1.1,3.5,4.6,2.6,0.7,0.2,0.9,1.9,13.8,johnsca02
235,Jalen Johnson,SF,22,ATL,31,28,32.6,6.1,11.1,.551,1.2,3.2,.374,4.9,7.9,.622,.604,2.0,2.7,.735,1.2,6.9,8.1,3.1,1.3,0.8,2.0,2.5,15.4,johnsja05
236,James Johnson,PF,36,IND,5,0,4.8,0.4,1.0,.400,0.0,0.2,.000,0.4,0.8,.500,.400,0.0,0.0,,0.2,0.6,0.8,1.0,0.8,0.0,0.4,0.8,0.8,johnsja01
237,Keldon Johnson,SF,24,SAS,43,26,30.7,6.1,13.4,.452,1.8,5.3,.336,4.3,8.2,.526,.517,2.9,3.7,.780,1.4,4.5,5.9,3.3,0.8,0.3,1.7,2.4,16.8,johnske04
238,Keon Johnson,SG,21,BRK,1,0,21.0,3.0,8.0,.375,2.0,4.0,.500,1.0,4.0,.250,.500,4.0,4.0,1.000,0.0,1.0,1.0,1.0,1.0,1.0,1.0,1.0,12.0,johnske07
239,Keyontae Johnson,SF,23,OKC,5,0,7.0,0.4,1.6,.250,0.0,0.2,.000,0.4,1.4,.286,.250,0.0,0.0,,0.4,0.4,0.8,0.8,0.0,0.0,0.6,0.4,0.8,johnske08
240,Nikola Jokić,C,28,DEN,45,45,33.5,10.3,17.4,.593,1.1,2.9,.369,9.2,14.5,.637,.624,4.7,5.6,.827,3.0,8.9,11.9,9.0,1.1,0.9,2.9,2.6,26.3,jokicni01
241,Colby Jones,SG,21,SAC,15,0,7.3,1.1,2.8,.381,0.1,0.9,.077,1.0,1.9,.517,.393,0.1,0.2,.667,0.6,0.8,1.4,0.6,0.3,0.1,0.3,1.0,2.3,jonesco02
242,Damian Jones,C,28,CLE,20,0,6.3,0.8,1.4,.536,0.1,0.4,.286,0.7,1.1,.619,.571,0.4,0.4,.875,0.4,0.9,1.3,0.4,0.2,0.3,0.3,0.7,2.0,jonesda03
243,Derrick Jones Jr.,SF,26,DAL,43,42,25.8,3.7,7.7,.486,1.4,3.9,.349,2.3,3.7,.631,.576,1.3,1.8,.737,1.2,2.4,3.6,1.0,0.8,0.8,1.0,1.9,10.1,jonesde02
244,Herbert Jones,SF,25,NOP,42,42,28.7,3.9,7.9,.492,1.4,3.5,.390,2.5,4.5,.572,.578,1.8,2.1,.856,1.1,2.5,3.7,2.5,1.2,1.0,1.2,2.8,11.0,joneshe01
245,Tre Jones,PG,24,SAS,40,11,25.3,3.7,7.4,.502,0.6,2.2,.273,3.1,5.2,.598,.542,1.4,1.5,.902,0.7,2.4,3.1,5.5,1.0,0.1,1.4,1.3,9.4,jonestr01
246,Tyus Jones,PG,27,WAS,44,44,28.5,5.2,10.2,.504,1.6,3.8,.418,3.6,6.5,.554,.581,0.5,0.7,.733,0.3,2.6,2.9,6.2,1.2,0.3,0.8,0.8,12.4,jonesty01
247,DeAndre Jordan,C,35,DEN,22,1,12.4,1.7,2.7,.633,0.0,0.0,,1.7,2.7,.633,.633,0.9,2.1,.435,1.7,3.2,4.9,0.9,0.2,0.5,0.9,1.8,4.4,jordade01
248,Cory Joseph,PG,32,GSW,23,0,11.4,0.8,2.3,.333,0.4,1.5,.286,0.3,0.8,.421,.426,0.2,0.3,.571,0.2,0.9,1.1,1.6,0.2,0.1,0.5,0.9,2.2,josepco01
249,Nikola Jović,PF,20,MIA,18,12,17.6,2.1,5.1,.402,1.1,2.5,.422,1.0,2.6,.383,.505,0.6,1.1,.550,0.9,3.6,4.6,2.0,0.3,0.4,1.0,2.1,5.8,jovicni01
250,Johnny Juzang,SG,22,UTA,1,0,4.0,0.0,2.0,.000,0.0,2.0,.000,0.0,0.0,,.000,0.0,0.0,,0.0,0.0,0.0,1.0,0.0,0.0,0.0,0.0,0.0,juzanjo01
251,Luke Kennard,SG,27,MEM,21,9,24.6,3.5,8.1,.433,2.7,6.3,.432,0.8,1.9,.436,.599,0.8,0.9,.895,0.4,2.8,3.2,3.1,0.5,0.0,1.0,1.0,10.6,kennalu01
252,Walker Kessler,C,22,UTA,38,13,23.8,3.7,5.8,.648,0.1,0.4,.250,3.6,5.3,.680,.658,0.8,1.6,.483,2.5,5.0,7.5,0.8,0.5,2.7,1.0,2.2,8.3,kesslwa01
253,Braxton Key,SF,26,DEN,13,0,3.4,0.4,1.1,.357,0.1,0.3,.250,0.3,0.8,.400,.393,0.3,0.4,.800,0.2,0.6,0.8,0.6,0.2,0.0,0.1,0.3,1.2,keybr01
254,Corey Kispert,SF,24,WAS,43,1,21.6,4.0,8.4,.478,1.9,5.1,.362,2.1,3.2,.662,.589,1.4,1.9,.775,0.3,1.9,2.2,1.4,0.3,0.2,1.0,1.5,11.3,kispeco01
255,Maxi Kleber,C,32,DAL,10,2,19.0,1.2,3.4,.353,0.5,2.0,.250,0.7,1.4,.500,.426,0.9,1.3,.692,0.8,2.6,3.4,1.8,0.2,0.7,0.9,2.3,3.8,klebima01
256,Kevin Knox,SF,24,DET,26,9,18.6,3.0,6.3,.470,1.2,3.3,.353,1.8,3.0,.595,.561,0.7,0.7,.895,0.6,1.9,2.5,0.7,0.4,0.3,0.6,1.6,7.7,knoxke01
257,John Konchar,SF,27,MEM,36,7,17.8,1.3,3.3,.395,0.6,2.0,.296,0.7,1.3,.542,.483,0.3,0.3,.750,1.1,2.8,3.9,1.6,0.8,0.9,0.6,1.1,3.4,konchjo01
258,Furkan Korkmaz,SG,26,PHI,28,0,7.0,0.6,1.8,.367,0.2,0.8,.261,0.4,0.9,.462,.429,0.3,0.4,.636,0.0,0.5,0.6,0.5,0.4,0.0,0.3,0.4,1.8,korkmfu01
259,Luke Kornet,C,28,BOS,32,2,15.0,2.2,3.1,.704,0.0,0.0,,2.2,3.1,.704,.704,0.8,0.9,.893,1.8,2.1,3.8,0.9,0.4,1.0,0.5,1.3,5.1,kornelu01
260,Jonathan Kuminga,PF,21,GSW,41,15,23.4,5.4,10.1,.531,0.8,2.6,.314,4.6,7.6,.605,.571,2.7,3.8,.713,1.1,3.2,4.4,1.6,0.6,0.4,1.4,2.1,14.3,kuminjo01
261,Kyle Kuzma,PF,28,WAS,44,44,31.4,8.5,18.6,.457,2.3,6.7,.338,6.2,11.9,.524,.518,2.5,3.2,.793,1.0,5.5,6.5,4.4,0.4,0.6,2.8,2.0,21.8,kuzmaky01
262,Jock Landale,C,28,HOU,26,0,9.3,0.9,2.3,.400,0.1,0.7,.118,0.8,1.7,.512,.417,0.4,0.6,.733,1.2,0.8,2.1,0.6,0.3,0.4,0.3,0.9,2.3,landajo01
263,Jake LaRavia,PF,22,MEM,11,0,11.1,1.5,3.9,.372,0.5,2.2,.208,1.0,1.7,.579,.430,0.3,0.4,.750,0.6,0.8,1.5,0.5,0.1,0.1,0.4,1.7,3.6,laravja01
264,Zach LaVine,SG,28,CHI,25,23,34.9,6.8,15.0,.452,2.4,6.8,.349,4.4,8.3,.536,.531,3.5,4.1,.854,0.3,4.8,5.2,3.9,0.8,0.3,2.1,2.3,19.5,lavinza01
265,A.J. Lawson,SG,23,DAL,20,0,9.7,1.6,3.5,.464,0.6,1.8,.343,1.0,1.7,.588,.551,0.6,0.8,.733,0.5,0.9,1.3,0.6,0.5,0.1,0.5,0.7,4.4,lawsoaj01
266,Saben Lee,PG,24,PHO,11,0,6.8,0.8,1.9,.429,0.0,0.5,.000,0.8,1.5,.563,.429,1.2,1.5,.765,0.5,0.6,1.1,1.1,0.3,0.3,0.5,0.5,2.8,leesa01
267,Alex Len,C,30,SAC,17,0,8.8,1.1,1.7,.621,0.0,0.1,.000,1.1,1.6,.667,.621,0.2,0.6,.400,1.4,1.9,3.3,1.1,0.2,0.5,0.6,1.1,2.4,lenal01
268,Kawhi Leonard,SF,32,LAC,39,39,34.6,8.8,16.8,.522,2.2,5.0,.444,6.6,11.8,.555,.588,3.7,4.2,.879,1.1,5.1,6.2,3.8,1.6,0.9,1.6,1.5,23.5,leonaka01
269,Caris LeVert,SG,29,CLE,33,1,28.7,5.6,13.4,.420,1.9,5.6,.342,3.7,7.8,.475,.491,2.5,3.4,.748,0.5,3.1,3.6,4.2,1.0,0.4,1.5,1.7,15.6,leverca01
270,Kira Lewis Jr.,PG,22,TOT,16,0,9.1,1.0,3.3,.308,0.1,1.3,.100,0.9,2.0,.438,.327,0.6,0.7,.909,0.3,0.6,0.9,1.1,0.3,0.1,0.5,0.6,2.8,lewiski01
270,Kira Lewis Jr.,PG,22,NOP,15,0,9.6,1.1,3.5,.308,0.1,1.3,.100,0.9,2.1,.438,.327,0.7,0.7,.909,0.3,0.7,0.9,1.2,0.3,0.1,0.5,0.5,2.9,lewiski01
270,Kira Lewis Jr.,PG,22,TOR,1,0,2.0,0.0,0.0,,0.0,0.0,,0.0,0.0,,,0.0,0.0,,0.0,0.0,0.0,0.0,0.0,0.0,0.0,1.0,0.0,lewiski01
271,Maxwell Lewis,SF,21,LAL,15,0,4.1,0.1,0.7,.200,0.1,0.2,.333,0.1,0.5,.143,.250,0.0,0.0,,0.1,0.1,0.2,0.2,0.1,0.0,0.3,0.1,0.3,lewisma05
272,E.J. Liddell,PF,23,NOP,7,0,2.9,0.1,0.9,.167,0.0,0.7,.000,0.1,0.1,1.000,.167,0.3,0.3,1.000,0.0,0.4,0.4,0.1,0.3,0.3,0.3,0.3,0.6,liddeej01
273,Damian Lillard,PG,33,MIL,42,42,35.3,7.4,17.6,.422,3.0,8.7,.343,4.5,9.0,.497,.506,7.4,8.0,.923,0.5,3.7,4.3,6.7,1.1,0.1,2.5,1.6,25.3,lillada01
274,Nassir Little,SF,23,PHO,26,2,14.3,1.8,3.7,.484,0.6,2.0,.308,1.2,1.7,.698,.568,0.7,0.8,.850,0.5,1.8,2.3,0.6,0.4,0.3,0.5,1.2,4.8,littlna01
275,Dereck Lively II,C,19,DAL,34,33,25.4,4.0,5.4,.735,0.0,0.1,.000,4.0,5.4,.743,.735,0.8,1.4,.565,2.9,4.9,7.8,1.4,0.6,1.4,1.1,3.0,8.8,livelde01
276,Isaiah Livers,PF,25,DET,23,6,20.4,1.7,5.0,.345,1.0,3.3,.286,0.8,1.7,.462,.440,0.5,0.8,.667,0.7,1.4,2.1,1.1,0.6,0.2,0.7,1.9,5.0,liveris01
277,Chris Livingston,SF,20,MIL,12,0,4.8,0.6,1.0,.583,0.1,0.1,1.000,0.5,0.9,.545,.625,0.2,0.2,1.000,0.2,0.8,1.0,0.3,0.2,0.0,0.3,0.4,1.4,livinch01
278,Kenneth Lofton Jr.,PF,21,TOT,16,0,6.4,0.9,2.4,.359,0.2,0.6,.300,0.7,1.8,.379,.397,0.5,0.9,.533,0.1,0.9,1.1,0.9,0.2,0.2,0.5,0.9,2.4,loftoke01
278,Kenneth Lofton Jr.,PF,21,MEM,15,0,6.6,0.9,2.5,.378,0.2,0.7,.300,0.7,1.8,.407,.419,0.5,1.0,.533,0.1,0.9,1.0,0.9,0.2,0.2,0.4,1.0,2.6,loftoke01
278,Kenneth Lofton Jr.,PF,21,PHI,1,0,4.0,0.0,2.0,.000,0.0,0.0,,0.0,2.0,.000,.000,0.0,0.0,,0.0,2.0,2.0,0.0,0.0,0.0,2.0,0.0,0.0,loftoke01
279,Kevon Looney,C,27,GSW,42,36,20.1,2.3,3.7,.622,0.0,0.0,,2.3,3.7,.622,.622,0.9,1.3,.704,2.5,4.5,7.0,2.4,0.5,0.3,0.7,2.5,5.5,looneke01
280,Brook Lopez,C,35,MIL,45,45,31.7,4.8,10.0,.483,1.6,4.8,.324,3.3,5.2,.630,.561,1.5,1.9,.821,1.7,4.0,5.7,1.6,0.6,2.8,0.9,2.7,12.8,lopezbr01
281,Robin Lopez,C,35,MIL,12,0,2.8,0.3,0.6,.429,0.2,0.4,.400,0.1,0.2,.500,.571,0.2,0.2,1.000,0.1,0.2,0.3,0.3,0.0,0.1,0.1,0.3,0.8,lopezro01
282,Kevin Love,PF,35,MIA,34,5,18.3,3.0,6.9,.438,1.6,4.7,.340,1.4,2.2,.649,.554,1.9,2.5,.774,1.1,5.3,6.5,2.4,0.4,0.1,0.8,1.9,9.5,loveke01
283,Kyle Lowry,PG,37,MIA,37,35,28.0,2.8,6.5,.426,1.7,4.4,.385,1.1,2.2,.506,.554,0.9,1.1,.833,0.7,2.8,3.5,4.0,1.1,0.4,1.4,2.5,8.2,lowryky01
284,Seth Lundy,SF,23,ATL,9,0,5.8,0.4,1.9,.235,0.3,1.4,.231,0.1,0.4,.250,.324,0.3,0.4,.750,0.1,0.7,0.8,0.0,0.0,0.0,0.1,0.7,1.6,lundyse01
285,Trey Lyles,PF,28,SAC,29,0,20.1,2.4,5.4,.446,1.6,4.0,.391,0.9,1.4,.595,.589,0.7,1.1,.625,0.9,3.8,4.7,1.3,0.2,0.3,0.6,1.6,7.1,lylestr01
286,Théo Maledon,PG,22,CHO,13,1,15.4,1.5,5.1,.288,0.4,2.3,.167,1.1,2.8,.389,.326,0.8,0.9,.917,0.3,1.5,1.8,2.2,0.5,0.0,1.2,1.4,4.2,maledth01
287,Sandro Mamukelashvili,C,24,SAS,26,0,6.8,0.9,2.3,.407,0.3,1.2,.250,0.6,1.0,.593,.475,0.5,0.6,.750,0.6,1.3,1.9,1.0,0.2,0.3,0.3,0.7,2.6,mamuksa01
288,Terance Mann,SG,27,LAC,37,33,25.2,2.9,6.4,.451,0.9,3.1,.301,2.0,3.4,.589,.523,0.8,1.1,.750,1.2,2.0,3.2,1.8,0.6,0.3,0.6,1.9,7.5,mannte01
289,Tre Mann,PG,22,OKC,13,0,9.2,1.5,3.1,.500,0.6,1.5,.421,0.9,1.6,.571,.600,0.1,0.1,1.000,0.3,1.5,1.8,1.5,0.2,0.0,0.7,0.2,3.8,manntr01
290,Boban Marjanović,C,35,HOU,8,0,5.5,1.0,2.4,.421,0.0,0.3,.000,1.0,2.1,.471,.421,0.1,0.5,.250,0.6,1.6,2.3,0.5,0.0,0.1,0.1,0.5,2.1,marjabo01
291,Lauri Markkanen,PF,26,UTA,36,36,32.5,7.9,16.1,.492,3.2,8.0,.394,4.8,8.1,.589,.590,4.7,5.4,.872,2.4,6.3,8.7,1.9,0.9,0.6,1.2,1.8,23.8,markkla01
292,Naji Marshall,SF,26,NOP,36,1,18.3,2.6,5.8,.445,0.9,2.4,.376,1.7,3.4,.492,.522,1.4,1.8,.825,1.0,2.5,3.5,1.9,0.7,0.2,1.1,1.5,7.5,marshna01
293,Caleb Martin,SF,28,MIA,28,12,26.6,4.0,9.0,.440,1.3,3.3,.385,2.7,5.8,.472,.510,1.4,1.8,.765,1.2,3.5,4.8,2.3,0.8,0.3,1.3,2.0,10.6,martica02
294,Cody Martin,SF,28,CHO,13,7,25.4,2.5,7.2,.355,0.8,2.9,.289,1.7,4.2,.400,.414,0.7,1.3,.529,1.0,2.0,3.0,2.3,1.4,0.8,1.0,1.8,6.6,martico01
295,KJ Martin,SF,23,TOT,29,0,7.8,0.9,1.9,.491,0.0,0.3,.111,0.9,1.6,.565,.500,0.3,0.6,.500,0.2,0.6,0.9,0.5,0.4,0.0,0.3,1.1,2.2,martike04
295,KJ Martin,SF,23,LAC,2,0,15.5,2.0,5.0,.400,0.5,2.5,.200,1.5,2.5,.600,.450,0.5,1.0,.500,0.5,1.0,1.5,0.5,1.0,0.5,1.0,1.5,5.0,martike04
295,KJ Martin,SF,23,PHI,27,0,7.2,0.9,1.7,.511,0.0,0.1,.000,0.9,1.5,.561,.511,0.3,0.5,.500,0.2,0.6,0.8,0.5,0.4,0.0,0.2,1.1,2.0,martike04
296,Garrison Mathews,SG,27,ATL,31,3,13.0,1.3,2.7,.470,1.2,2.5,.462,0.1,0.2,.600,.687,0.1,0.3,.444,0.3,1.0,1.3,0.5,0.3,0.1,0.5,1.6,3.8,mathega01
297,Bennedict Mathurin,SF,21,IND,46,14,25.4,5.0,11.0,.451,1.2,3.5,.356,3.7,7.6,.494,.507,2.9,3.5,.831,1.1,2.7,3.8,2.0,0.5,0.2,1.6,1.9,14.1,mathube01
298,Wesley Matthews,SG,37,ATL,19,1,11.2,0.5,2.1,.256,0.3,1.6,.200,0.2,0.5,.444,.333,0.7,1.0,.737,0.2,1.2,1.4,0.6,0.5,0.2,0.3,1.4,2.1,matthwe02
299,Tyrese Maxey,PG,23,PHI,42,42,37.5,8.8,19.7,.448,3.1,8.2,.373,5.7,11.4,.502,.526,5.0,5.8,.864,0.6,3.0,3.6,6.6,1.0,0.5,1.6,2.1,25.7,maxeyty01
300,Skylar Mays,PG-SG,26,TOT,24,5,15.9,2.5,6.2,.399,0.7,2.1,.314,1.8,4.0,.443,.453,0.5,0.7,.765,0.4,1.2,1.6,3.3,0.7,0.1,0.8,1.0,6.1,mayssk01
300,Skylar Mays,PG,26,POR,21,5,17.0,2.5,6.6,.384,0.7,2.3,.286,1.9,4.2,.438,.435,0.6,0.8,.765,0.4,1.3,1.8,3.6,0.7,0.1,0.9,1.0,6.3,mayssk01
300,Skylar Mays,SG,26,LAL,3,0,8.7,2.0,3.3,.600,0.7,0.7,1.000,1.3,2.7,.500,.700,0.0,0.0,,0.3,0.3,0.7,1.3,0.7,0.0,0.0,1.0,4.7,mayssk01
301,Miles McBride,PG,23,NYK,32,2,9.8,1.7,3.7,.454,1.1,2.3,.466,0.6,1.4,.435,.597,0.3,0.4,.750,0.1,0.6,0.7,0.9,0.4,0.1,0.3,1.0,4.7,mcbrimi01
302,CJ McCollum,PG,32,NOP,31,31,32.0,7.0,15.0,.467,3.5,8.0,.444,3.5,7.0,.493,.585,2.1,2.6,.790,0.6,3.7,4.4,4.9,1.2,0.8,1.6,2.2,19.6,mccolcj01
303,T.J. McConnell,PG,31,IND,38,3,17.0,3.5,6.7,.525,0.1,0.4,.118,3.5,6.3,.555,.529,0.9,1.2,.750,0.5,2.1,2.6,5.5,1.1,0.1,1.5,1.1,8.0,mccontj01
304,Jaden McDaniels,SF,23,MIN,35,34,28.7,4.5,8.7,.518,1.3,3.3,.383,3.3,5.4,.600,.590,0.7,0.9,.750,0.7,2.0,2.7,1.3,0.9,0.5,1.2,3.1,11.0,mcdanja02
305,Jalen McDaniels,SF,26,TOR,28,0,8.8,1.1,3.2,.333,0.3,1.6,.178,0.8,1.6,.489,.378,0.5,0.7,.700,0.3,0.9,1.2,0.5,0.4,0.1,0.3,0.9,2.9,mcdanja01
306,Doug McDermott,SF,32,SAS,40,0,15.5,2.1,4.7,.444,1.7,3.7,.443,0.4,1.0,.447,.620,0.3,0.4,.667,0.2,0.9,1.1,1.3,0.3,0.1,0.6,1.1,6.1,mcderdo01
307,JaVale McGee,C,36,SAC,33,0,8.2,1.9,3.0,.636,0.0,0.1,.000,1.9,2.9,.656,.636,0.8,1.2,.625,1.0,2.0,3.0,0.4,0.2,0.6,0.9,1.2,4.6,mcgeeja01
308,Bryce McGowens,SG,21,CHO,35,10,16.5,1.8,4.0,.450,0.7,1.9,.373,1.1,2.1,.521,.539,0.8,1.1,.744,0.3,1.4,1.7,0.9,0.3,0.1,0.6,1.4,5.1,mcgowbr01
309,Jordan McLaughlin,PG,27,MIN,24,0,8.8,0.9,2.3,.393,0.5,1.3,.367,0.5,1.1,.423,.491,0.1,0.3,.500,0.3,0.7,1.0,1.8,0.7,0.2,0.3,0.4,2.4,mclaujo01
310,De'Anthony Melton,SG,25,PHI,33,33,29.1,3.9,9.9,.393,2.1,5.8,.363,1.8,4.1,.437,.500,1.9,2.3,.827,0.8,3.2,4.0,3.2,1.6,0.5,1.2,2.4,11.8,meltode01
311,Nathan Mensah,C,25,CHO,19,0,13.7,0.5,1.2,.435,0.0,0.0,,0.5,1.2,.435,.435,0.5,0.6,.750,1.3,1.7,3.0,0.5,0.3,0.6,0.7,2.9,1.5,mensana01
312,Sam Merrill,SG,27,CLE,28,0,16.6,3.0,6.9,.430,2.5,5.9,.428,0.4,1.0,.444,.614,0.4,0.4,.909,0.5,1.6,2.1,1.6,0.3,0.0,0.4,1.3,8.8,merrisa01
313,Chimezie Metu,C,26,PHO,34,5,12.7,1.9,3.7,.508,0.4,1.5,.294,1.4,2.2,.653,.567,1.1,1.3,.884,0.7,2.4,3.1,0.5,0.5,0.3,0.7,1.1,5.3,metuch01
314,Vasilije Micić,PG,30,OKC,25,0,12.1,1.2,3.0,.413,0.4,1.4,.250,0.9,1.6,.564,.473,0.4,0.6,.786,0.0,0.7,0.8,2.4,0.4,0.1,0.8,0.9,3.3,micicva01
315,Khris Middleton,SF,32,MIL,39,39,26.1,5.6,11.7,.482,1.7,4.5,.373,3.9,7.2,.552,.555,1.9,2.3,.835,0.6,3.7,4.3,5.0,0.9,0.3,2.1,2.3,14.9,middlkh01
316,Brandon Miller,SF,21,CHO,37,31,30.4,5.5,12.7,.433,2.1,5.5,.387,3.4,7.2,.468,.517,1.6,2.0,.813,0.9,3.1,3.9,2.2,0.6,0.5,1.6,2.6,14.8,millebr02
317,Jordan Miller,SF,24,LAC,4,0,4.0,0.8,1.3,.600,0.3,0.3,1.000,0.5,1.0,.500,.700,0.0,0.0,,0.5,0.3,0.8,0.0,0.0,0.0,0.3,0.5,1.8,millejo02
318,Leonard Miller,SF,20,MIN,5,0,3.8,1.2,1.8,.667,0.2,0.6,.333,1.0,1.2,.833,.722,0.0,0.0,,0.0,1.8,1.8,0.2,0.2,0.2,0.2,0.6,2.6,millele01
319,Dariq Whitehead,SF,19,BRK,2,0,12.0,0.5,2.5,.200,0.0,1.5,.000,0.5,1.0,.500,.200,0.5,1.0,.500,0.0,2.0,2.0,1.5,0.0,0.5,0.0,0.0,1.5,whiteda01
320,Patty Mills,PG,35,ATL,14,0,11.4,1.3,3.0,.429,0.9,1.9,.481,0.4,1.1,.333,.583,0.0,0.0,,0.2,0.7,0.9,0.9,0.4,0.1,0.5,1.1,3.5,millspa02
321,Shake Milton,SG,27,MIN,35,0,13.3,1.7,4.3,.396,0.4,1.5,.250,1.3,2.8,.474,.440,1.0,1.3,.818,0.2,1.2,1.4,1.4,0.5,0.1,0.8,1.2,4.8,miltosh01
322,Justin Minaya,SF,24,POR,12,0,9.6,0.5,1.7,.300,0.3,1.1,.231,0.3,0.6,.429,.375,0.3,0.5,.500,0.4,0.7,1.1,0.4,0.3,0.4,0.3,0.8,1.5,minayju01
323,Josh Minott,SF,21,MIN,15,0,3.1,0.5,1.2,.444,0.0,0.3,.000,0.5,0.9,.615,.444,0.7,0.8,.833,0.1,0.1,0.2,0.2,0.1,0.2,0.1,0.4,1.7,minotjo01
324,Davion Mitchell,PG,25,SAC,33,3,12.5,1.4,3.8,.371,0.5,1.9,.266,0.9,1.8,.483,.440,0.4,0.5,.722,0.2,0.8,1.0,1.8,0.2,0.1,0.5,1.1,3.7,mitchda01
325,Donovan Mitchell,SG,27,CLE,34,34,35.6,9.7,21.1,.460,3.1,9.0,.349,6.6,12.1,.543,.534,5.2,6.0,.863,1.0,4.5,5.5,6.1,1.9,0.4,2.9,2.2,27.7,mitchdo01
326,Evan Mobley,PF,22,CLE,21,21,33.6,6.8,11.8,.573,0.1,0.5,.200,6.7,11.3,.588,.577,2.4,3.1,.769,2.7,7.8,10.5,2.9,0.8,1.7,2.3,2.9,16.0,mobleev01
327,Isaiah Mobley,PF,24,CLE,3,0,4.7,0.7,1.3,.500,0.3,0.7,.500,0.3,0.7,.500,.625,0.0,0.0,,0.0,0.7,0.7,1.3,0.3,0.0,0.3,0.7,1.7,mobleis01
328,Malik Monk,SG,25,SAC,42,0,25.9,5.0,11.5,.436,2.4,6.3,.388,2.6,5.3,.493,.541,2.3,2.8,.822,0.4,2.2,2.6,5.5,0.6,0.7,2.1,2.0,14.8,monkma01
329,Moses Moody,SG,21,GSW,34,4,18.0,3.1,6.5,.482,1.1,3.1,.358,2.0,3.4,.595,.568,1.3,1.7,.789,1.1,2.0,3.1,0.8,0.7,0.3,0.7,1.4,8.7,moodymo01
330,Xavier Moon,SG,29,LAC,2,0,6.0,0.5,1.0,.500,0.0,0.5,.000,0.5,0.5,1.000,.500,0.0,0.0,,0.0,1.0,1.0,1.5,0.0,0.0,0.5,0.5,1.0,moonxa01
331,Taze Moore,SG,25,POR,2,0,2.5,1.0,2.0,.500,0.0,1.0,.000,1.0,1.0,1.000,.500,0.0,0.0,,0.0,0.0,0.0,0.0,0.5,0.0,0.0,1.0,2.0,mooreta02
332,Wendell Moore Jr.,SG,22,MIN,11,0,2.8,0.3,0.5,.600,0.0,0.2,.000,0.3,0.3,1.000,.600,0.0,0.0,,0.0,0.3,0.3,0.1,0.4,0.1,0.2,0.3,0.5,moorewe01
333,Ja Morant,PG,24,MEM,9,9,35.3,8.9,18.9,.471,1.6,5.7,.275,7.3,13.2,.555,.512,5.8,7.1,.813,0.7,4.9,5.6,8.1,0.8,0.6,3.0,2.1,25.1,moranja01
334,Marcus Morris,PF,34,PHI,33,5,16.3,2.2,5.1,.443,1.0,2.3,.416,1.3,2.7,.467,.539,0.8,1.0,.844,0.5,2.3,2.9,0.7,0.3,0.3,0.4,1.7,6.3,morrima03
335,Markieff Morris,PF,34,DAL,16,1,9.4,0.9,2.9,.319,0.6,1.8,.321,0.4,1.2,.316,.415,0.2,0.3,.750,0.3,1.5,1.8,0.7,0.3,0.1,0.6,0.7,2.6,morrima02
336,Monte Morris,PG,28,DET,1,0,11.0,3.0,4.0,.750,1.0,1.0,1.000,2.0,3.0,.667,.875,0.0,0.0,,0.0,3.0,3.0,3.0,0.0,0.0,0.0,0.0,7.0,morrimo01
337,Trey Murphy III,SF,23,NOP,21,3,25.7,4.2,9.9,.428,2.5,7.0,.363,1.7,3.0,.581,.555,1.9,2.4,.780,0.4,3.4,3.8,2.0,0.7,0.3,0.5,1.2,12.9,murphtr02
338,Dejounte Murray,SG,27,ATL,45,45,34.8,8.2,17.5,.469,2.4,6.2,.388,5.8,11.4,.513,.537,2.6,3.1,.830,0.7,4.3,5.0,5.1,1.3,0.3,2.2,1.7,21.4,murrade01
339,Jamal Murray,PG,26,DEN,32,32,31.3,7.8,16.6,.474,2.3,5.7,.404,5.5,10.8,.510,.543,2.9,3.3,.876,0.6,3.3,3.9,6.5,0.8,0.6,2.0,2.0,20.9,murraja01
340,Keegan Murray,SF,23,SAC,39,39,32.9,6.1,13.1,.467,2.4,6.6,.367,3.7,6.5,.567,.559,1.4,1.8,.797,1.4,4.2,5.6,1.6,1.2,0.6,0.8,2.6,16.0,murrake02
341,Kris Murray,SF,23,POR,27,0,12.5,1.3,3.6,.371,0.6,1.9,.294,0.8,1.7,.457,.448,0.3,0.4,.667,0.7,1.2,1.9,0.6,0.8,0.1,0.5,0.8,3.5,murrakr01
342,Mike Muscala,C,32,TOT,28,2,14.1,1.4,3.7,.385,0.7,2.3,.317,0.7,1.5,.488,.481,0.6,0.8,.727,1.0,2.2,3.1,1.0,0.2,0.4,0.6,1.3,4.1,muscami01
342,Mike Muscala,C,32,WAS,24,2,14.1,1.4,3.8,.367,0.6,2.1,.275,0.8,1.6,.487,.444,0.6,0.8,.750,0.9,2.2,3.1,0.9,0.2,0.3,0.7,1.3,4.0,muscami01
342,Mike Muscala,C,32,DET,4,0,14.5,1.8,3.5,.500,1.5,3.0,.500,0.3,0.5,.500,.714,0.3,0.5,.500,1.3,2.0,3.3,1.3,0.3,0.8,0.3,1.3,5.3,muscami01
343,Svi Mykhailiuk,SF,26,BOS,20,0,7.7,0.9,2.7,.321,0.6,2.1,.286,0.3,0.6,.455,.434,0.2,0.3,.500,0.3,0.6,0.9,0.3,0.3,0.0,0.3,0.6,2.5,mykhasv01
344,Larry Nance Jr.,C,31,NOP,28,0,17.8,2.3,3.9,.593,0.5,1.1,.469,1.8,2.7,.645,.662,0.8,1.0,.786,1.3,3.9,5.2,1.3,1.0,0.4,0.8,1.2,5.9,nancela02
345,Pete Nance,PF,23,CLE,2,0,2.0,0.0,1.0,.000,0.0,0.0,,0.0,1.0,.000,.000,0.0,0.0,,0.0,0.0,0.0,0.0,0.0,0.0,0.0,0.0,0.0,nancepe01
346,Andrew Nembhard,PG,24,IND,32,14,21.4,3.8,7.7,.500,0.7,2.1,.333,3.2,5.6,.561,.545,0.7,0.8,.778,0.6,1.1,1.7,4.5,0.9,0.1,2.0,2.0,9.0,nembhan01
347,Aaron Nesmith,SF,24,IND,41,16,26.0,4.3,8.4,.514,2.1,4.6,.463,2.2,3.9,.576,.640,1.2,1.7,.710,0.9,2.7,3.6,1.2,1.0,0.7,0.9,3.2,12.0,nesmiaa01
348,Georges Niang,PF,30,CLE,43,1,22.3,3.5,7.9,.442,1.8,4.9,.368,1.7,3.0,.567,.558,0.7,0.8,.853,0.3,3.5,3.8,1.2,0.3,0.2,0.8,2.4,9.5,niangge01
349,Daishen Nix,PG,21,MIN,6,0,3.5,0.5,1.3,.375,0.3,0.8,.400,0.2,0.5,.333,.500,0.0,0.3,.000,0.0,0.2,0.2,0.0,0.2,0.0,0.0,0.0,1.3,nixda01
350,Zeke Nnaji,PF,23,DEN,36,0,9.4,1.1,2.4,.466,0.1,0.4,.313,1.0,2.0,.500,.494,0.7,1.1,.641,1.1,1.0,2.1,0.5,0.3,0.6,0.6,1.5,3.1,nnajize01
351,Jaylen Nowell,SG,24,MEM,9,1,17.3,2.4,6.1,.400,0.4,2.6,.174,2.0,3.6,.563,.436,0.3,0.3,1.000,0.3,1.2,1.6,1.8,0.3,0.0,0.6,1.4,5.7,nowelja01
352,Markquis Nowell,SG,24,TOR,1,0,4.0,0.0,1.0,.000,0.0,0.0,,0.0,1.0,.000,.000,2.0,2.0,1.000,2.0,0.0,2.0,2.0,1.0,0.0,0.0,0.0,2.0,nowelma01
353,Frank Ntilikina,PG,25,CHO,3,0,7.3,0.3,1.3,.250,0.3,1.3,.250,0.0,0.0,,.375,0.7,0.7,1.000,0.0,0.3,0.3,0.3,0.0,0.0,0.3,0.3,1.7,ntilila01
354,Jusuf Nurkić,C,29,PHO,43,43,27.4,4.4,8.9,.495,0.5,1.8,.269,3.9,7.1,.553,.522,2.3,3.2,.717,2.6,7.7,10.3,3.6,1.0,1.0,2.0,3.3,11.6,nurkiju01
355,Jordan Nwora,SF,25,TOT,20,0,9.8,1.9,4.3,.442,0.6,2.0,.300,1.3,2.3,.565,.512,0.5,0.6,.818,0.5,1.3,1.7,1.0,0.3,0.1,0.7,1.0,4.9,nworajo01
355,Jordan Nwora,SF,25,IND,18,0,10.2,2.1,4.6,.451,0.6,2.0,.306,1.4,2.6,.565,.518,0.5,0.6,.818,0.4,1.4,1.8,1.0,0.3,0.1,0.7,1.1,5.2,nworajo01
355,Jordan Nwora,SF,25,TOR,2,0,6.0,0.5,2.0,.250,0.5,2.0,.250,0.0,0.0,,.375,0.0,0.0,,0.5,0.0,0.5,0.5,0.0,0.0,1.0,0.5,1.5,nworajo01
356,Royce O'Neale,SF,30,BRK,43,6,24.5,2.4,6.5,.376,1.9,5.3,.354,0.6,1.2,.472,.520,0.3,0.5,.650,0.8,3.8,4.6,3.0,0.7,0.6,1.0,2.4,7.0,onealro01
357,Chuma Okeke,SF,25,ORL,27,8,13.2,1.3,3.4,.387,0.8,2.6,.319,0.5,0.9,.583,.505,0.1,0.2,.400,0.7,2.0,2.6,0.6,0.3,0.3,0.4,0.6,3.6,okekech01
358,Josh Okogie,SG,25,PHO,39,11,18.4,1.5,3.9,.388,0.4,1.8,.239,1.1,2.1,.519,.444,1.6,2.1,.735,1.3,1.5,2.8,1.3,0.9,0.5,0.6,1.5,5.0,okogijo01
359,Onyeka Okongwu,C,23,ATL,44,3,24.8,3.6,6.1,.584,0.3,1.1,.286,3.3,5.0,.650,.610,1.7,2.1,.809,2.5,4.2,6.8,1.4,0.4,1.0,0.9,3.0,9.2,okongon01
360,Isaac Okoro,SF,23,CLE,34,23,26.2,3.1,6.4,.486,0.9,2.5,.357,2.2,3.9,.567,.555,1.5,2.2,.658,1.3,2.0,3.3,1.9,0.8,0.4,0.8,2.2,8.6,okorois01
361,Kelly Olynyk,C,32,UTA,44,8,20.6,3.0,5.4,.561,0.8,1.8,.423,2.3,3.6,.629,.631,1.4,1.7,.851,1.3,3.8,5.0,4.3,0.8,0.3,1.7,2.8,8.2,olynyke01
362,Eugene Omoruyi,SF,26,WAS,19,0,5.8,1.7,2.9,.582,0.3,0.9,.294,1.4,2.0,.711,.627,0.8,1.1,.762,0.6,0.9,1.5,0.6,0.5,0.1,0.5,1.1,4.5,omorueu01
363,Cedi Osman,SF,28,SAS,45,1,17.8,2.7,5.6,.484,1.1,3.1,.370,1.6,2.5,.623,.585,0.7,1.0,.674,0.4,2.2,2.6,1.8,0.5,0.2,0.6,1.5,7.2,osmande01
364,Kelly Oubre Jr.,SF,28,PHI,31,20,27.0,4.6,10.0,.466,1.6,4.4,.358,3.1,5.5,.552,.545,1.6,2.3,.700,0.9,3.2,4.1,1.0,1.2,0.5,0.9,2.7,12.5,oubreke01
365,Chris Paul,PG,38,GSW,32,11,27.6,3.3,7.7,.424,1.3,3.7,.361,1.9,3.9,.484,.512,1.1,1.3,.833,0.3,3.5,3.8,7.2,1.1,0.1,1.2,1.8,8.9,paulch01
366,Cameron Payne,PG,29,MIL,41,2,15.1,2.2,4.8,.467,1.1,2.8,.397,1.1,1.9,.570,.585,0.9,1.0,.875,0.1,1.1,1.2,2.2,0.4,0.1,0.7,1.6,6.4,payneca01
367,Gary Payton II,SG,31,GSW,16,0,16.3,2.3,4.9,.456,0.6,2.0,.281,1.7,2.9,.574,.513,0.4,0.6,.667,1.0,2.0,3.0,0.8,1.1,0.3,0.6,1.8,5.4,paytoga02
368,Drew Peterson,PF,24,BOS,1,0,3.0,1.0,1.0,1.000,1.0,1.0,1.000,0.0,0.0,,1.500,0.0,0.0,,0.0,0.0,0.0,1.0,0.0,0.0,0.0,1.0,3.0,peterdr01
369,Filip Petrušev,C,23,TOT,3,0,3.3,0.3,0.7,.500,0.0,0.0,,0.3,0.7,.500,.500,0.3,0.7,.500,0.0,0.3,0.3,0.0,0.0,0.0,0.0,0.3,1.0,petrufi01
369,Filip Petrušev,C,23,PHI,1,0,3.0,0.0,0.0,,0.0,0.0,,0.0,0.0,,,0.0,0.0,,0.0,1.0,1.0,0.0,0.0,0.0,0.0,0.0,0.0,petrufi01
369,Filip Petrušev,C,23,SAC,2,0,3.5,0.5,1.0,.500,0.0,0.0,,0.5,1.0,.500,.500,0.5,1.0,.500,0.0,0.0,0.0,0.0,0.0,0.0,0.0,0.5,1.5,petrufi01
370,Julian Phillips,SF,20,CHI,22,0,4.5,0.4,1.1,.333,0.0,0.5,.083,0.3,0.5,.583,.354,0.0,0.2,.250,0.1,0.4,0.5,0.3,0.0,0.1,0.1,0.5,0.8,phillju01
371,Jalen Pickett,SG,24,DEN,16,0,6.1,0.8,1.8,.429,0.4,1.3,.350,0.3,0.5,.625,.554,0.1,0.1,1.000,0.1,0.6,0.7,0.8,0.2,0.0,0.4,0.5,2.1,pickeja02
372,Scotty Pippen Jr.,PG,23,MEM,2,0,14.5,3.0,4.5,.667,0.5,0.5,1.000,2.5,4.0,.625,.722,2.5,2.5,1.000,0.5,3.0,3.5,3.5,0.0,0.0,1.5,0.5,9.0,pippesc02
373,Mason Plumlee,C,33,LAC,13,4,16.7,2.3,3.6,.638,0.0,0.0,,2.3,3.6,.638,.638,1.5,2.6,.588,1.2,3.9,5.2,1.3,0.4,0.3,0.5,1.2,6.2,plumlma01
374,Brandin Podziemski,SG,20,GSW,36,10,24.5,3.6,7.9,.463,1.3,3.3,.390,2.4,4.6,.515,.544,0.6,1.0,.611,1.5,3.9,5.4,3.2,0.9,0.1,1.3,1.9,9.2,podzibr01
375,Jakob Poeltl,C,28,TOR,36,36,26.5,4.7,6.9,.685,0.0,0.0,,4.7,6.9,.685,.685,1.2,2.2,.532,2.8,5.6,8.3,2.5,0.7,1.4,1.6,2.9,10.6,poeltja01
376,Aleksej Pokusevski,PF,22,OKC,8,0,6.0,0.4,1.6,.231,0.1,1.1,.111,0.3,0.5,.500,.269,0.1,0.3,.500,0.3,0.9,1.1,0.6,0.0,0.1,0.4,0.6,1.0,pokusal01
377,Jordan Poole,SG,24,WAS,43,43,29.1,5.9,14.4,.411,2.0,6.3,.310,4.0,8.1,.490,.479,2.8,3.2,.869,0.4,1.9,2.3,3.4,1.0,0.3,2.2,3.1,16.5,poolejo01
378,Craig Porter Jr.,PG,23,CLE,29,5,15.9,2.9,5.7,.512,0.2,0.7,.333,2.7,4.9,.538,.534,1.1,1.6,.696,0.5,2.2,2.7,3.1,0.6,0.4,1.1,1.0,7.1,portecr01
379,Jontay Porter,PF,24,TOR,12,5,14.7,1.6,4.6,.345,0.7,2.4,.276,0.9,2.2,.423,.418,0.7,0.7,1.000,1.0,2.3,3.3,2.1,0.7,0.9,0.7,1.8,4.5,portejo01
380,Michael Porter Jr.,SF,25,DEN,46,46,31.1,6.1,12.7,.481,2.7,6.7,.401,3.4,5.9,.571,.588,1.0,1.3,.770,1.2,5.8,7.0,1.3,0.5,0.8,1.1,2.0,15.9,portemi01
381,Otto Porter Jr.,SF,30,TOR,15,1,11.6,0.9,2.2,.424,0.5,1.5,.348,0.4,0.7,.600,.545,0.2,0.2,1.000,0.4,1.5,1.9,0.5,0.3,0.3,0.1,1.3,2.6,porteot01
382,Bobby Portis,PF,28,MIL,45,0,23.3,4.9,9.8,.503,1.1,2.8,.378,3.9,7.0,.554,.558,1.3,1.7,.776,1.5,5.2,6.7,1.0,0.7,0.4,0.9,2.4,12.2,portibo01
383,Kristaps Porziņģis,C,28,BOS,33,33,29.7,6.5,12.2,.529,1.8,5.1,.359,4.6,7.2,.648,.603,4.8,5.7,.840,1.6,5.1,6.7,2.0,0.7,1.8,1.6,2.9,19.5,porzikr01
384,Micah Potter,PF,25,UTA,2,0,3.5,0.0,0.5,.000,0.0,0.5,.000,0.0,0.0,,.000,0.0,0.0,,0.0,2.0,2.0,0.0,0.0,0.0,0.0,0.0,0.0,pottemi01
385,Dwight Powell,C,32,DAL,39,8,16.0,1.6,2.2,.709,0.0,0.1,.500,1.5,2.2,.714,.715,1.4,1.9,.753,1.8,2.1,3.9,1.7,0.6,0.4,0.5,2.2,4.6,poweldw01
386,Norman Powell,SG,30,LAC,43,0,25.5,4.7,9.5,.499,2.0,4.6,.447,2.7,4.9,.547,.606,2.0,2.3,.870,0.1,2.3,2.5,1.0,0.6,0.4,0.9,1.8,13.6,powelno01
387,Joshua Primo,SG,21,LAC,1,0,5.0,1.0,2.0,.500,0.0,1.0,.000,1.0,1.0,1.000,.500,0.0,0.0,,0.0,0.0,0.0,0.0,0.0,1.0,3.0,0.0,2.0,primojo01
388,Taurean Prince,PF,29,LAL,43,43,30.7,3.5,8.2,.429,2.2,5.5,.391,1.4,2.7,.509,.561,0.7,0.9,.744,0.3,2.6,2.9,1.8,0.9,0.5,0.9,2.3,9.9,princta02
389,Payton Pritchard,PG,26,BOS,45,0,21.2,2.8,6.7,.423,1.7,4.4,.379,1.2,2.3,.510,.548,0.6,0.7,.788,1.0,2.3,3.2,3.0,0.4,0.1,0.6,1.2,7.9,pritcpa01
390,Olivier-Maxence Prosper,PF,21,DAL,24,0,9.1,0.9,2.6,.349,0.3,1.3,.258,0.6,1.3,.438,.413,0.8,1.1,.704,0.6,1.5,2.2,0.8,0.1,0.1,0.2,0.7,3.0,prospol01
391,Trevelin Queen,SG,26,ORL,11,0,13.9,1.3,3.2,.400,0.3,1.4,.200,1.0,1.8,.550,.443,0.8,1.1,.750,0.3,1.4,1.6,1.6,0.6,0.5,0.6,1.3,3.6,queentr01
392,Neemias Queta,C,24,BOS,17,0,12.4,1.8,3.2,.556,0.0,0.0,,1.8,3.2,.556,.556,0.8,1.1,.778,1.9,2.5,4.4,0.4,0.4,0.5,0.4,2.2,4.4,quetane01
393,Immanuel Quickley,SG-PG,24,TOT,42,12,26.2,5.2,11.9,.440,2.3,5.6,.410,2.9,6.3,.466,.536,2.8,3.2,.866,0.2,2.9,3.1,3.5,0.6,0.1,1.1,1.6,15.5,quickim01
393,Immanuel Quickley,SG,24,NYK,30,0,24.0,5.1,11.2,.454,2.1,5.4,.395,2.9,5.8,.509,.549,2.7,3.1,.872,0.2,2.4,2.6,2.5,0.5,0.1,1.0,1.5,15.0,quickim01
393,Immanuel Quickley,PG,24,TOR,12,12,31.8,5.6,13.6,.411,2.7,6.0,.444,2.9,7.6,.385,.509,2.8,3.3,.850,0.3,4.3,4.6,6.1,0.8,0.2,1.4,2.0,16.7,quickim01
394,Lester Quinones,SG,23,GSW,9,0,6.3,1.0,2.6,.391,0.6,1.4,.385,0.4,1.1,.400,.500,0.1,0.2,.500,0.4,0.9,1.3,0.6,0.1,0.1,0.6,0.7,2.7,quinole01
395,Julius Randle,PF,29,NYK,45,45,35.5,8.6,18.3,.473,1.6,5.3,.304,7.0,12.9,.543,.518,5.2,6.6,.779,2.1,7.1,9.2,5.0,0.6,0.3,3.4,2.7,24.1,randlju01
396,Duop Reath,C,27,POR,33,11,18.1,3.5,7.2,.477,1.4,3.7,.372,2.1,3.6,.585,.571,1.1,1.4,.783,1.5,2.6,4.0,1.2,0.5,0.5,0.8,2.4,9.4,reathdu01
397,Austin Reaves,SG,25,LAL,46,21,30.2,5.3,10.7,.492,1.6,4.5,.350,3.7,6.2,.594,.565,2.9,3.3,.877,0.8,3.3,4.1,5.2,0.9,0.1,2.1,1.8,15.0,reaveau01
398,Cam Reddish,SF,24,LAL,35,26,23.3,2.4,5.9,.405,0.9,2.7,.337,1.5,3.1,.464,.483,1.0,1.3,.783,0.5,1.9,2.4,1.3,1.2,0.3,0.9,1.6,6.7,reddica01
399,Paul Reed,C,24,PHI,43,8,15.4,2.4,4.4,.550,0.2,0.5,.333,2.3,4.0,.576,.568,0.6,0.8,.722,1.9,2.8,4.7,1.1,0.7,0.7,0.8,2.2,5.7,reedpa01
400,Naz Reid,C,24,MIN,45,0,22.4,4.7,9.5,.495,1.9,4.7,.408,2.8,4.7,.582,.597,1.1,1.4,.794,1.0,3.6,4.6,1.1,0.8,0.7,1.3,2.0,12.4,reidna01
401,Jared Rhoden,SG,24,DET,5,0,6.0,1.0,1.8,.556,0.2,0.8,.250,0.8,1.0,.800,.611,0.4,0.4,1.000,0.2,0.6,0.8,0.6,0.0,0.0,0.4,0.8,2.6,rhodeja01
402,Nick Richards,C,26,CHO,34,21,24.5,3.6,5.4,.670,0.0,0.0,,3.6,5.4,.670,.670,2.0,2.7,.758,2.5,5.1,7.6,0.8,0.4,1.3,0.9,2.6,9.2,richani01
403,Josh Richardson,SG,30,MIA,36,5,25.9,3.4,8.0,.432,1.4,4.3,.333,2.0,3.7,.545,.521,1.3,1.3,.938,0.4,2.3,2.7,2.5,0.6,0.4,0.9,1.8,9.6,richajo01
404,Duncan Robinson,SF,29,MIA,43,17,28.1,4.7,10.3,.454,2.8,6.9,.403,1.9,3.4,.555,.588,1.3,1.5,.875,0.3,2.3,2.6,2.9,0.6,0.2,1.4,2.2,13.4,robindu01
405,Jerome Robinson,SG,26,GSW,7,0,3.7,0.0,1.3,.000,0.0,0.7,.000,0.0,0.6,.000,.000,0.6,0.9,.667,0.1,0.3,0.4,0.3,0.0,0.1,0.0,0.1,0.6,robinje01
406,Mitchell Robinson,C,25,NYK,21,21,29.2,2.8,4.7,.592,0.0,0.0,,2.8,4.7,.592,.592,0.7,1.8,.368,5.3,5.0,10.3,0.7,1.5,1.3,1.0,1.9,6.2,robinmi01
407,Orlando Robinson,C,23,MIA,19,7,12.0,1.6,3.2,.517,0.4,0.6,.583,1.3,2.5,.500,.575,0.7,1.1,.700,1.0,2.3,3.3,1.4,0.3,0.4,0.7,1.5,4.4,robinor01
408,Jeremiah Robinson-Earl,PF,23,NOP,18,1,11.1,1.6,3.0,.519,0.4,1.1,.400,1.1,1.9,.588,.593,0.3,0.3,1.000,0.6,1.9,2.5,0.5,0.4,0.2,0.5,0.8,3.9,robinje02
409,David Roddy,PF,22,MEM,42,10,22.5,3.0,7.5,.406,1.0,3.1,.315,2.1,4.4,.470,.471,0.9,1.2,.706,1.1,2.9,4.0,1.5,0.5,0.2,1.0,1.4,7.9,roddyda01
410,Ryan Rollins,PG,21,WAS,10,0,6.6,1.3,2.5,.520,0.2,0.3,.667,1.1,2.2,.500,.560,1.3,1.7,.765,0.2,0.9,1.1,1.1,0.8,0.3,0.7,0.7,4.1,rolliry01
411,Derrick Rose,PG,35,MEM,17,7,17.9,3.3,7.5,.438,0.6,1.9,.333,2.6,5.6,.474,.480,1.1,1.2,.905,0.4,1.4,1.8,3.4,0.4,0.1,1.3,1.1,8.4,rosede01
412,Terry Rozier,SG-PG,29,TOT,32,31,35.1,8.1,17.8,.453,2.7,7.5,.353,5.4,10.3,.526,.527,3.5,4.1,.847,0.6,3.3,3.8,6.4,1.1,0.4,2.1,1.8,22.3,roziete01
412,Terry Rozier,SG,29,CHO,30,30,35.5,8.4,18.3,.459,2.8,7.7,.358,5.6,10.6,.533,.535,3.6,4.3,.845,0.6,3.3,3.9,6.6,1.1,0.4,2.2,1.7,23.2,roziete01
412,Terry Rozier,PG,29,MIA,2,1,29.0,3.0,10.5,.286,1.0,4.5,.222,2.0,6.0,.333,.333,1.0,1.0,1.000,1.0,2.0,3.0,4.0,1.5,0.0,1.5,2.0,8.0,roziete01
413,Rayan Rupert,SG,19,POR,15,0,7.6,1.0,2.7,.366,0.5,1.1,.412,0.5,1.6,.333,.451,0.3,0.5,.625,0.4,0.9,1.3,0.7,0.1,0.0,0.4,0.5,2.8,ruperra01
414,D'Angelo Russell,PG,27,LAL,42,35,30.1,6.3,13.1,.482,2.5,6.0,.422,3.8,7.2,.532,.578,1.7,2.1,.778,0.4,2.3,2.7,6.2,0.8,0.5,2.0,2.0,16.9,russeda01
415,Matt Ryan,SF,26,NOP,13,1,22.9,2.9,6.4,.458,2.5,5.2,.471,0.5,1.2,.400,.651,1.0,1.1,.929,0.4,1.9,2.3,1.1,0.4,0.1,1.2,1.8,9.3,ryanma01
416,Domantas Sabonis,C,27,SAC,43,43,35.3,8.0,13.1,.612,0.5,1.1,.429,7.5,11.9,.630,.631,3.5,5.1,.677,3.2,9.5,12.7,8.0,0.8,0.6,3.3,3.3,20.0,sabondo01
417,Luka Šamanić,PF,24,UTA,21,0,6.0,1.0,2.7,.375,0.2,1.0,.238,0.8,1.7,.457,.420,0.5,0.6,.846,0.3,1.5,1.8,0.2,0.0,0.1,0.4,0.6,2.8,samanlu01
418,Jermaine Samuels,SF,25,HOU,7,0,6.3,0.7,1.1,.625,0.0,0.3,.000,0.7,0.9,.833,.625,0.3,0.3,1.000,0.3,1.1,1.4,0.3,0.1,0.1,0.0,0.4,1.7,samueje01
419,Adama Sanogo,PF,21,CHI,3,0,3.7,1.0,1.0,1.000,0.0,0.0,,1.0,1.0,1.000,1.000,0.7,1.0,.667,0.7,1.3,2.0,0.0,0.0,0.0,0.3,0.0,2.7,sanogad01
420,Gui Santos,PF,21,GSW,6,0,5.8,0.7,1.8,.364,0.2,1.0,.167,0.5,0.8,.600,.409,1.0,1.0,1.000,0.8,1.2,2.0,0.3,0.0,0.0,0.3,0.5,2.5,santogu01
421,Dario Šarić,C,29,GSW,42,9,20.7,3.7,7.5,.490,1.6,3.8,.416,2.1,3.6,.569,.597,1.6,1.9,.850,1.4,4.1,5.6,2.5,0.6,0.2,1.3,2.2,10.5,saricda01
422,Olivier Sarr,C,24,OKC,9,0,7.6,0.7,1.2,.545,0.2,0.6,.400,0.4,0.7,.667,.636,0.7,0.9,.750,0.7,2.2,2.9,0.2,0.0,0.6,0.2,1.6,2.2,sarrol01
423,Marcus Sasser,PG,23,DET,40,0,15.5,2.7,5.8,.468,1.0,2.6,.392,1.7,3.2,.527,.554,0.7,0.8,.906,0.2,1.4,1.6,2.6,0.6,0.2,0.9,1.3,7.1,sassema01
424,Admiral Schofield,PF,26,ORL,12,0,3.8,0.4,1.3,.333,0.2,0.8,.222,0.3,0.5,.500,.400,0.0,0.2,.000,0.1,0.5,0.6,0.3,0.0,0.0,0.3,0.6,1.0,schofad01
425,Dennis Schröder,PG,30,TOR,45,31,31.0,5.0,11.0,.451,1.6,4.4,.357,3.4,6.7,.512,.521,2.4,2.8,.856,0.4,2.2,2.7,6.3,0.8,0.1,1.5,2.1,13.9,schrode01
426,Dereon Seabron,SG,23,NOP,5,0,10.4,0.8,2.6,.308,0.2,0.4,.500,0.6,2.2,.273,.346,1.0,1.2,.833,0.2,1.2,1.4,0.8,0.4,0.2,0.0,0.8,2.8,seabrde01
427,Alperen Şengün,C,21,HOU,44,44,32.6,8.7,16.0,.543,0.6,2.0,.287,8.1,14.0,.579,.561,4.0,5.5,.721,2.7,6.4,9.1,5.1,1.2,0.8,2.6,3.3,21.9,sengual01
428,Brice Sensabaugh,SF,20,UTA,4,0,3.0,0.5,1.5,.333,0.3,0.5,.500,0.3,1.0,.250,.417,0.0,0.0,,0.3,0.5,0.8,0.5,0.0,0.0,0.0,0.3,1.3,sensabr01
429,Collin Sexton,SG,25,UTA,46,23,24.0,5.9,12.1,.489,1.5,3.9,.380,4.5,8.2,.541,.550,4.0,4.6,.886,0.9,1.8,2.6,4.1,0.7,0.2,1.8,2.1,17.4,sextoco01
430,Landry Shamet,SG,26,WAS,28,0,15.2,2.9,6.1,.465,1.3,3.4,.385,1.5,2.7,.566,.573,1.0,1.3,.771,0.2,1.0,1.2,1.4,0.6,0.3,0.6,1.8,8.0,shamela01
431,Day'Ron Sharpe,C,22,BRK,37,1,16.0,3.0,5.2,.575,0.0,0.2,.143,3.0,5.0,.591,.578,1.5,2.4,.614,2.8,4.2,7.0,1.4,0.5,0.9,1.0,2.3,7.5,sharpda01
432,Shaedon Sharpe,SG,20,POR,32,25,33.1,5.5,13.6,.406,1.9,5.6,.333,3.6,7.9,.457,.475,3.1,3.7,.824,1.3,3.7,5.0,2.9,0.9,0.4,2.3,2.8,15.9,sharpsh01
433,Ben Sheppard,SG,22,IND,24,0,9.9,1.0,2.8,.368,0.5,1.8,.279,0.5,1.0,.520,.456,0.4,0.5,.750,0.3,1.0,1.3,0.9,0.5,0.0,0.1,1.3,3.0,sheppbe01
434,Pascal Siakam,PF,29,TOT,44,44,34.4,8.4,16.0,.527,1.2,3.5,.327,7.3,12.4,.584,.563,4.2,5.6,.744,1.5,5.0,6.5,5.0,0.8,0.2,2.1,2.3,22.1,siakapa01
434,Pascal Siakam,PF,29,TOR,39,39,34.7,8.3,16.0,.522,1.2,3.7,.317,7.2,12.3,.584,.559,4.3,5.7,.758,1.4,4.9,6.3,4.9,0.8,0.3,2.1,2.2,22.2,siakapa01
434,Pascal Siakam,PF,29,IND,5,5,32.0,9.0,15.8,.570,1.0,2.2,.455,8.0,13.6,.588,.601,2.8,4.6,.609,2.2,5.8,8.0,5.6,0.6,0.0,1.8,3.2,21.8,siakapa01
435,Ben Simmons,PG,27,BRK,6,6,31.8,3.2,6.0,.528,0.0,0.0,,3.2,6.0,.528,.528,0.2,0.7,.250,2.7,8.2,10.8,6.7,0.5,0.8,2.5,2.7,6.5,simmobe01
436,Anfernee Simons,SG,24,POR,23,23,33.5,8.1,18.5,.439,3.5,8.8,.396,4.7,9.7,.478,.533,4.0,4.4,.901,0.5,3.0,3.4,5.0,0.5,0.1,2.6,2.0,23.7,simonan01
437,Jericho Sims,C,25,NYK,21,7,8.1,0.7,1.0,.700,0.0,0.0,,0.7,1.0,.700,.700,0.1,0.2,.600,0.4,1.4,1.8,0.2,0.1,0.3,0.2,0.9,1.5,simsje01
438,Dmytro Skapintsev,C,25,NYK,2,0,1.0,0.0,0.5,.000,0.0,0.0,,0.0,0.5,.000,.000,0.0,0.0,,0.0,0.0,0.0,0.0,0.0,0.0,0.0,0.0,0.0,skapidm01
439,Jalen Slawson,SF,24,SAC,5,0,3.8,0.4,0.6,.667,0.0,0.2,.000,0.4,0.4,1.000,.667,0.0,0.0,,0.0,0.8,0.8,0.4,0.0,0.2,0.4,0.6,0.8,slawsja01
440,Javonte Smart,PG,24,PHI,1,0,1.0,0.0,0.0,,0.0,0.0,,0.0,0.0,,,0.0,0.0,,0.0,0.0,0.0,0.0,0.0,0.0,0.0,0.0,0.0,smartja01
441,Marcus Smart,PG,29,MEM,20,20,30.3,5.1,11.9,.430,2.1,6.7,.313,3.0,5.2,.583,.519,2.2,2.8,.768,0.3,2.4,2.7,4.3,2.1,0.3,3.1,2.7,14.5,smartma01
442,Dennis Smith Jr.,PG,26,BRK,29,1,19.9,2.9,6.7,.426,0.6,1.9,.286,2.3,4.8,.482,.467,0.9,1.1,.813,1.0,2.3,3.3,4.0,1.1,0.2,1.3,2.4,7.2,smithde03
443,Dru Smith,SG,26,MIA,9,0,14.6,1.7,3.7,.455,0.8,1.9,.412,0.9,1.8,.500,.561,0.2,0.2,1.000,0.7,0.9,1.6,1.6,1.0,0.3,0.6,1.3,4.3,smithdr01
444,Ish Smith,PG,35,CHO,36,2,16.5,1.6,3.6,.461,0.1,0.2,.333,1.6,3.4,.467,.469,0.1,0.1,.750,0.3,1.5,1.8,3.1,0.3,0.1,1.2,1.0,3.4,smithis01
445,Jabari Smith Jr.,PF,20,HOU,40,40,31.7,5.0,10.6,.474,1.7,4.5,.382,3.3,6.2,.541,.554,1.9,2.4,.809,2.0,6.8,8.7,1.5,0.6,0.8,1.2,2.9,13.7,smithja05
446,Jalen Smith,C,23,IND,32,12,17.6,4.0,6.3,.629,1.1,2.3,.486,2.9,4.1,.708,.715,1.3,1.8,.695,1.6,3.9,5.5,1.0,0.3,0.6,0.9,2.4,10.3,smithja04
447,Nick Smith Jr.,SG,19,CHO,28,0,15.2,2.5,5.9,.433,1.4,2.9,.475,1.2,3.0,.393,.549,0.1,0.1,.750,0.5,1.1,1.6,1.1,0.1,0.3,1.0,1.1,6.5,smithni01
448,Terquavion Smith,PG,21,PHI,4,0,3.8,0.5,2.3,.222,0.5,1.5,.333,0.0,0.8,.000,.333,0.5,0.5,1.000,0.0,0.0,0.0,1.3,0.8,0.0,0.3,0.0,2.0,smithte01
449,Jeremy Sochan,PF,20,SAS,45,44,29.5,4.5,10.2,.441,1.1,2.8,.383,3.4,7.4,.464,.495,1.6,2.0,.791,1.7,4.2,5.9,3.9,0.7,0.4,1.9,2.4,11.7,sochaje01
450,Jaden Springer,SG,21,PHI,25,0,10.1,1.2,3.2,.363,0.2,1.0,.200,1.0,2.2,.436,.394,0.7,0.9,.773,0.7,0.7,1.4,0.9,0.5,0.4,0.7,1.4,3.2,sprinja01
451,Lamar Stevens,PF,26,BOS,17,1,6.3,0.9,2.2,.432,0.1,0.4,.286,0.8,1.8,.467,.459,0.4,0.5,.750,0.5,0.9,1.4,0.4,0.4,0.3,0.5,0.8,2.4,stevela01
452,Isaiah Stewart,PF,22,DET,33,32,30.7,4.1,8.6,.470,1.5,3.8,.384,2.6,4.8,.538,.554,1.5,2.0,.738,1.8,5.2,7.0,1.8,0.4,0.8,1.6,2.5,11.0,stewais01
453,Julian Strawther,SF,21,DEN,33,0,13.9,2.2,5.6,.384,1.1,3.5,.322,1.0,2.1,.486,.484,0.5,0.7,.696,0.1,1.4,1.5,1.1,0.5,0.2,0.5,1.4,5.9,strawju01
454,Max Strus,SF,27,CLE,43,43,33.1,4.6,11.4,.403,2.5,7.5,.336,2.1,3.9,.533,.514,1.1,1.3,.807,0.8,4.2,4.9,3.8,1.0,0.5,1.6,2.7,12.8,strusma01
455,Jalen Suggs,SG,22,ORL,41,41,26.2,4.5,9.9,.453,2.0,5.1,.388,2.5,4.8,.523,.553,1.7,2.1,.773,0.7,2.6,3.3,2.3,1.3,0.6,1.9,2.8,12.6,suggsja01
456,Cole Swider,SF,24,MIA,9,0,4.9,1.0,2.3,.429,0.6,1.7,.333,0.4,0.7,.667,.548,0.0,0.0,,0.1,0.1,0.2,0.3,0.1,0.1,0.3,0.2,2.6,swideco01
457,Jae'Sean Tate,SF,28,HOU,41,9,18.4,1.8,3.9,.475,0.4,1.5,.290,1.4,2.3,.594,.532,0.5,0.7,.714,1.0,2.4,3.4,1.1,0.7,0.2,0.4,2.4,4.6,tateja01
458,Jayson Tatum,PF,25,BOS,42,42,35.9,9.0,19.3,.468,3.0,8.3,.362,6.0,11.0,.549,.546,5.9,7.3,.811,0.9,7.5,8.4,4.4,1.0,0.5,2.5,2.1,27.0,tatumja01
459,Terry Taylor,PF,24,CHI,16,0,6.8,0.8,1.4,.591,0.0,0.3,.000,0.8,1.1,.765,.591,0.1,0.1,1.000,0.8,0.5,1.3,0.3,0.2,0.1,0.4,0.8,1.7,taylote01
460,Garrett Temple,SG,37,TOR,12,0,3.9,0.5,1.2,.429,0.2,0.5,.333,0.3,0.7,.500,.500,0.3,0.3,1.000,0.3,0.4,0.8,0.5,0.2,0.0,0.3,0.3,1.5,templga01
461,Dalen Terry,SG,21,CHI,30,1,9.8,0.7,2.0,.361,0.3,1.2,.222,0.5,0.8,.560,.426,0.5,0.7,.750,0.3,1.3,1.6,1.2,0.2,0.3,0.5,1.2,2.2,terryda01
462,Daniel Theis,C,31,TOT,33,1,16.9,2.6,4.9,.521,0.4,1.0,.406,2.2,4.0,.550,.561,0.8,1.2,.737,1.6,2.0,3.6,0.9,0.5,0.9,0.7,2.3,6.4,theisda01
462,Daniel Theis,C,31,IND,1,0,8.0,1.0,4.0,.250,0.0,1.0,.000,1.0,3.0,.333,.250,0.0,0.0,,0.0,0.0,0.0,0.0,0.0,0.0,0.0,1.0,2.0,theisda01
462,Daniel Theis,C,31,LAC,32,1,17.2,2.6,5.0,.528,0.4,1.0,.419,2.2,4.0,.555,.569,0.9,1.2,.737,1.7,2.0,3.7,0.9,0.5,0.9,0.7,2.3,6.5,theisda01
463,Cam Thomas,SG,22,BRK,35,20,28.4,7.5,17.0,.440,1.9,5.4,.344,5.6,11.6,.484,.494,3.7,4.5,.822,0.2,2.3,2.6,2.4,0.6,0.3,1.7,1.9,20.5,thomaca02
464,Amen Thompson,SF,21,HOU,25,1,16.6,2.5,5.3,.470,0.2,1.2,.161,2.3,4.0,.564,.489,1.4,2.0,.680,1.0,3.1,4.2,2.2,1.0,0.3,1.1,1.9,6.5,thompam01
465,Ausar Thompson,SF,21,DET,44,24,23.8,3.4,7.3,.467,0.3,1.6,.153,3.2,5.7,.558,.485,1.2,1.9,.634,2.1,4.6,6.7,2.0,0.9,0.9,1.3,3.0,8.3,thompau01
466,Klay Thompson,SF,33,GSW,41,41,30.5,6.0,14.3,.423,3.3,8.6,.387,2.7,5.7,.478,.540,2.0,2.2,.910,0.6,2.9,3.4,2.3,0.5,0.5,1.7,1.9,17.4,thompkl01
467,Tristan Thompson,PF,32,CLE,36,0,12.4,1.7,2.6,.649,0.0,0.0,.000,1.7,2.6,.656,.649,0.4,1.2,.310,1.6,2.3,3.9,1.1,0.2,0.3,0.6,1.4,3.8,thomptr01
468,JT Thor,PF,21,CHO,36,1,14.6,1.3,3.6,.357,0.5,1.6,.316,0.8,2.0,.389,.426,0.2,0.3,.545,1.0,1.7,2.8,0.4,0.2,0.5,0.3,1.1,3.2,thorjt01
469,Matisse Thybulle,SF,26,POR,43,15,22.6,2.0,4.7,.425,1.4,3.7,.373,0.6,1.0,.619,.573,0.3,0.4,.813,0.4,1.5,2.0,1.2,1.6,0.8,0.5,1.3,5.6,thybuma01
470,Xavier Tillman Sr.,C,25,MEM,32,12,20.2,2.6,6.3,.406,0.4,1.6,.231,2.2,4.7,.467,.436,0.5,1.2,.405,1.6,3.0,4.6,1.7,1.2,1.0,0.9,1.7,6.0,tillmxa01
471,Jacob Toppin,SF,23,NYK,3,0,1.3,0.0,0.0,,0.0,0.0,,0.0,0.0,,,0.0,0.0,,0.0,0.0,0.0,0.3,0.0,0.3,0.0,0.0,0.0,toppija01
472,Obi Toppin,PF,25,IND,46,28,23.3,4.5,7.7,.584,1.3,3.2,.399,3.2,4.5,.716,.667,1.1,1.4,.758,1.1,2.9,4.0,1.5,0.5,0.5,0.8,2.1,11.4,toppiob01
473,Juan Toscano-Anderson,SF,30,SAC,11,0,4.8,0.3,1.1,.250,0.1,0.4,.250,0.2,0.7,.250,.292,0.0,0.0,,0.4,0.9,1.3,0.4,0.1,0.1,0.2,1.0,0.6,toscaju01
474,Karl-Anthony Towns,PF,28,MIN,44,44,33.2,8.1,15.7,.520,2.2,5.0,.439,5.9,10.6,.558,.590,4.3,4.8,.882,1.5,7.3,8.8,3.0,0.7,0.5,2.9,3.4,22.7,townska01
475,Gary Trent Jr.,SG,25,TOR,40,10,25.9,4.3,10.1,.423,2.3,5.6,.415,2.0,4.5,.433,.538,0.7,1.1,.651,0.3,1.9,2.1,1.6,0.8,0.1,0.6,1.2,11.6,trentga02
476,Oscar Tshiebwe,PF,24,IND,6,0,5.7,1.3,2.7,.500,0.0,0.0,,1.3,2.7,.500,.500,0.8,1.0,.833,1.0,1.0,2.0,0.3,0.3,0.0,0.0,0.2,3.5,tshieos01
477,P.J. Tucker,PF,38,TOT,15,3,15.9,0.4,1.3,.316,0.3,1.1,.313,0.1,0.2,.333,.447,0.2,0.2,1.000,1.1,1.8,2.9,0.5,0.6,0.2,0.3,2.3,1.3,tuckepj01
477,P.J. Tucker,PF,38,PHI,3,3,22.0,0.7,1.7,.400,0.7,1.7,.400,0.0,0.0,,.600,0.0,0.0,,0.3,4.3,4.7,0.0,1.0,0.7,0.7,3.0,2.0,tuckepj01
477,P.J. Tucker,PF,38,LAC,12,0,14.4,0.3,1.2,.286,0.3,0.9,.273,0.1,0.3,.333,.393,0.3,0.3,1.000,1.3,1.2,2.4,0.7,0.5,0.1,0.2,2.2,1.2,tuckepj01
478,Myles Turner,C,27,IND,45,45,27.4,6.2,11.8,.524,1.4,4.1,.339,4.8,7.8,.622,.583,3.4,4.3,.803,1.7,5.3,7.0,1.3,0.5,1.9,1.5,3.1,17.2,turnemy01
479,Hunter Tyson,PF,23,DEN,9,0,3.0,0.1,0.8,.143,0.0,0.7,.000,0.1,0.1,1.000,.143,0.0,0.0,,0.0,0.7,0.7,0.1,0.0,0.0,0.2,0.7,0.2,tysonhu01
480,Stanley Umude,SG,24,DET,15,0,10.3,1.3,2.9,.455,0.9,1.8,.519,0.4,1.1,.353,.614,1.4,1.5,.913,0.2,1.7,1.9,0.5,0.3,0.3,0.7,1.6,5.0,umudest01
481,Jonas Valančiūnas,C,31,NOP,45,45,26.3,5.4,9.6,.565,0.6,1.8,.358,4.8,7.8,.612,.598,2.4,3.0,.807,2.6,7.0,9.6,2.3,0.5,1.1,1.4,3.1,14.0,valanjo01
482,Jarred Vanderbilt,PF,24,LAL,25,5,19.6,1.8,3.7,.484,0.2,1.0,.250,1.6,2.8,.565,.516,0.6,1.0,.625,1.4,3.3,4.7,1.0,1.0,0.2,0.8,1.6,4.4,vandeja01
483,Fred VanVleet,PG,29,HOU,42,42,37.1,5.7,14.0,.411,3.0,7.9,.386,2.7,6.1,.443,.520,2.7,3.1,.868,0.4,3.4,3.8,8.4,1.1,1.0,1.6,2.2,17.2,vanvlfr01
484,Devin Vassell,SG,23,SAS,40,34,31.1,6.6,14.2,.461,2.4,6.7,.361,4.1,7.5,.552,.547,2.4,3.0,.805,0.4,3.2,3.5,3.5,1.2,0.2,1.3,1.1,17.9,vassede01
485,Sasha Vezenkov,PF,28,SAC,33,0,12.7,2.2,4.8,.456,1.1,2.9,.375,1.1,1.9,.581,.570,0.2,0.3,.700,0.9,1.7,2.6,0.4,0.5,0.2,0.3,0.9,5.7,vezenal01
486,Gabe Vincent,PG,27,LAL,5,0,25.4,2.4,6.4,.375,0.4,3.4,.118,2.0,3.0,.667,.406,0.2,0.4,.500,0.4,0.6,1.0,3.0,1.2,0.0,0.4,2.4,5.4,vincega01
487,Nikola Vučević,C,33,CHI,41,39,33.8,7.3,15.4,.475,1.1,4.0,.273,6.2,11.4,.546,.510,1.2,1.4,.864,2.7,7.9,10.6,3.5,0.7,0.7,1.6,2.6,17.0,vucevni01
488,Dean Wade,PF,27,CLE,36,29,22.1,1.9,4.5,.432,1.6,3.8,.413,0.4,0.7,.542,.608,0.4,0.5,.789,0.9,3.7,4.5,0.8,0.9,0.3,0.5,2.0,5.9,wadede01
489,Franz Wagner,SF,22,ORL,37,37,33.1,7.6,16.2,.467,1.5,4.9,.304,6.1,11.3,.537,.513,4.0,4.7,.855,1.1,4.6,5.6,3.9,1.1,0.4,1.9,2.3,20.6,wagnefr01
490,Moritz Wagner,C,26,ORL,43,1,18.9,4.3,7.2,.592,0.5,1.7,.319,3.7,5.6,.674,.629,2.3,2.9,.789,1.5,3.0,4.5,1.3,0.5,0.3,1.2,2.2,11.3,wagnemo01
491,Ish Wainright,SF,29,POR,7,0,6.6,0.9,2.6,.333,0.9,2.3,.375,0.0,0.3,.000,.500,0.3,0.3,1.000,0.0,1.3,1.3,0.0,0.3,0.1,0.1,0.6,2.9,wainris01
492,Jabari Walker,SF,21,POR,41,7,21.2,3.0,6.3,.479,0.6,2.0,.296,2.4,4.3,.562,.525,1.9,2.5,.752,1.9,4.3,6.2,0.9,0.7,0.4,0.9,2.2,8.5,walkeja01
493,Jarace Walker,PF,20,IND,15,0,11.0,1.9,4.3,.438,0.8,2.0,.400,1.1,2.3,.471,.531,0.4,0.5,.857,0.5,1.3,1.9,1.3,0.6,0.3,0.5,1.0,4.9,walkeja02
494,Lonnie Walker IV,SG,25,BRK,26,0,18.3,4.3,9.0,.483,2.2,4.8,.452,2.2,4.2,.519,.605,1.1,1.5,.763,0.2,2.0,2.2,1.3,0.6,0.3,1.2,1.1,12.0,walkelo01
495,Cason Wallace,SG,20,OKC,45,7,21.1,2.6,5.2,.513,1.1,2.7,.421,1.5,2.5,.613,.623,0.4,0.5,.833,0.6,1.6,2.3,1.4,0.7,0.4,0.5,1.7,6.9,wallaca01
496,Jordan Walsh,SF,19,BOS,2,0,3.0,0.0,0.5,.000,0.0,0.5,.000,0.0,0.0,,.000,0.0,0.0,,0.0,2.5,2.5,0.5,0.0,0.0,0.0,0.0,0.0,walshjo01
497,P.J. Washington,PF,25,CHO,37,16,28.5,4.7,10.8,.434,1.8,5.4,.328,2.9,5.5,.537,.515,1.5,1.9,.750,1.2,4.0,5.2,2.2,0.8,0.8,1.5,2.7,12.6,washipj01
498,TyTy Washington Jr.,PG,22,MIL,2,0,3.0,0.5,1.5,.333,0.5,1.0,.500,0.0,0.5,.000,.500,0.0,0.0,,0.0,0.5,0.5,0.0,0.5,0.0,1.0,0.0,1.5,washity02
499,Yuta Watanabe,SF,29,PHO,26,0,14.3,1.2,3.6,.344,0.9,2.8,.315,0.3,0.8,.450,.468,0.4,0.6,.667,0.4,1.3,1.7,0.4,0.3,0.3,0.6,1.3,3.7,watanyu01
500,Lindy Waters III,SG,26,OKC,16,0,7.3,1.0,2.4,.421,0.9,2.3,.417,0.1,0.1,.500,.618,0.0,0.0,,0.1,0.7,0.8,0.6,0.0,0.1,0.1,0.7,2.9,waterli01
501,Trendon Watford,PF,23,BRK,31,0,12.2,2.3,4.4,.533,0.3,0.9,.357,2.0,3.5,.579,.570,0.8,0.9,.828,0.9,1.9,2.9,1.6,0.5,0.2,0.8,1.6,5.7,watfotr01
502,Peyton Watson,SF,21,DEN,44,2,17.5,2.5,5.4,.469,0.7,2.1,.330,1.9,3.4,.554,.531,1.0,1.4,.705,0.5,2.1,2.7,1.0,0.5,0.9,0.6,1.6,6.8,watsope01
503,Victor Wembanyama,C,20,SAS,39,39,28.5,7.5,16.2,.463,1.5,5.0,.299,6.0,11.3,.535,.509,3.9,4.9,.811,2.3,7.8,10.1,3.0,1.1,3.2,3.3,2.3,20.5,wembavi01
504,Blake Wesley,SG,20,SAS,24,1,11.3,1.5,3.0,.500,0.0,0.6,.067,1.5,2.4,.614,.507,0.5,1.0,.478,0.3,0.9,1.2,2.3,0.4,0.1,0.5,1.4,3.5,weslebl01
505,Russell Westbrook,PG,35,LAC,43,10,23.2,4.6,9.8,.468,0.7,2.3,.300,3.9,7.5,.520,.504,1.6,2.4,.673,1.6,4.3,5.9,4.7,1.1,0.5,2.2,1.9,11.5,westbru01
506,Coby White,PG,23,CHI,46,46,35.7,6.7,14.7,.460,2.8,7.1,.400,3.9,7.6,.516,.556,2.6,3.2,.821,0.5,4.1,4.7,5.0,0.7,0.3,2.1,2.4,18.9,whiteco01
507,Derrick White,SG,29,BOS,41,41,32.1,5.5,11.8,.465,2.7,6.7,.401,2.8,5.1,.548,.579,2.3,2.6,.896,0.7,3.4,4.1,4.8,1.0,1.2,1.7,2.2,15.9,whitede01
508,Cam Whitmore,SF,19,HOU,21,1,15.7,3.8,7.9,.485,1.4,3.6,.395,2.4,4.2,.562,.576,1.1,1.8,.622,0.6,3.0,3.6,0.4,0.7,0.2,0.7,1.4,10.1,whitmca01
509,Aaron Wiggins,SG,25,OKC,42,0,12.9,2.2,3.6,.605,0.6,1.1,.553,1.6,2.5,.629,.691,0.5,0.7,.759,0.6,1.6,2.2,0.9,0.4,0.1,0.5,1.2,5.5,wiggiaa01
510,Andrew Wiggins,SF,28,GSW,38,27,26.5,4.6,10.8,.427,0.9,3.2,.295,3.7,7.6,.483,.471,1.8,2.6,.700,1.7,2.4,4.2,1.5,0.3,0.4,1.4,2.3,12.0,wiggian01
511,Lindell Wigginton,PG,25,MIL,3,0,2.7,0.7,1.7,.400,0.0,0.7,.000,0.7,1.0,.667,.400,0.7,0.7,1.000,0.0,0.0,0.0,0.0,0.0,0.0,0.3,0.3,2.0,wiggili01
512,Brandon Williams,PG,24,DAL,6,0,5.8,1.2,2.2,.538,0.3,0.7,.500,0.8,1.5,.556,.615,0.3,1.0,.333,0.3,0.5,0.8,1.0,0.2,0.2,0.3,0.2,3.0,willibr03
513,Grant Williams,PF,25,DAL,41,29,26.2,2.8,6.7,.413,1.7,4.6,.364,1.1,2.2,.517,.536,0.8,1.1,.717,0.9,2.6,3.5,1.8,0.4,0.6,1.0,2.9,8.0,willigr01
514,Jalen Williams,PF,22,OKC,42,42,32.0,7.3,13.4,.542,1.4,3.1,.438,5.9,10.3,.573,.592,2.7,3.3,.826,0.5,3.6,4.1,4.5,1.1,0.5,1.8,2.7,18.6,willija06
515,Jaylin Williams,C,21,OKC,37,0,11.7,1.2,3.1,.395,0.7,2.0,.365,0.5,1.1,.450,.513,0.4,0.4,.875,0.5,2.6,3.1,1.2,0.4,0.3,0.4,1.5,3.5,willija07
516,Jeenathan Williams,SG,24,HOU,7,0,7.9,1.4,3.3,.435,0.1,0.4,.333,1.3,2.9,.450,.457,0.6,0.7,.800,0.7,0.1,0.9,0.4,0.3,0.0,0.1,0.7,3.6,willije02
517,Kenrich Williams,PF,29,OKC,34,0,15.0,1.9,3.9,.485,0.8,2.0,.397,1.1,1.9,.578,.587,0.1,0.3,.300,0.7,2.2,3.0,1.4,0.6,0.1,0.4,1.4,4.6,willike04
518,Mark Williams,C,22,CHO,19,19,26.7,5.2,7.9,.649,0.0,0.0,,5.2,7.9,.649,.649,2.4,3.4,.719,4.0,5.7,9.7,1.2,0.8,1.1,0.9,2.6,12.7,willima07
519,Patrick Williams,PF,22,CHI,43,30,27.3,3.7,8.3,.443,1.4,3.4,.399,2.3,4.9,.474,.525,1.2,1.5,.788,1.1,2.8,3.9,1.5,0.9,0.8,1.3,2.0,10.0,willipa01
520,Robert Williams,C,26,POR,6,0,19.8,2.8,4.3,.654,0.0,0.0,,2.8,4.3,.654,.654,1.2,1.5,.778,1.8,4.5,6.3,0.8,1.2,1.2,1.2,2.8,6.8,williro04
521,Vince Williams Jr.,SG,23,MEM,35,16,24.5,2.5,5.9,.424,1.5,4.0,.383,0.9,1.8,.516,.556,1.6,2.0,.812,1.2,4.2,5.4,2.2,0.8,0.7,1.1,2.4,8.1,willivi01
522,Ziaire Williams,SF,22,MEM,43,9,19.0,2.7,7.0,.391,1.1,3.6,.320,1.6,3.5,.463,.472,1.1,1.4,.831,0.7,2.7,3.4,1.4,0.6,0.2,1.3,1.7,7.8,willizi02
523,Zion Williamson,PF,23,NOP,36,36,30.3,8.7,14.8,.589,0.1,0.3,.400,8.6,14.5,.593,.593,4.4,6.7,.654,1.8,3.8,5.6,4.8,0.9,0.4,2.5,2.6,21.9,willizi01
524,Jalen Wilson,PF,23,BRK,11,0,9.5,1.5,2.9,.500,0.2,0.7,.250,1.3,2.2,.583,.531,1.4,1.4,1.000,1.4,0.8,2.2,0.8,0.3,0.1,0.3,0.8,4.5,wilsoja03
525,Dylan Windler,SF,27,TOT,4,0,3.0,0.5,0.8,.667,0.5,0.8,.667,0.0,0.0,,1.000,0.0,0.0,,0.0,0.3,0.3,0.5,0.0,0.0,0.0,0.5,1.5,windldy01
525,Dylan Windler,SF,27,NYK,3,0,2.3,0.3,0.7,.500,0.3,0.7,.500,0.0,0.0,,.750,0.0,0.0,,0.0,0.3,0.3,0.3,0.0,0.0,0.0,0.3,1.0,windldy01
525,Dylan Windler,SF,27,LAL,1,0,5.0,1.0,1.0,1.000,1.0,1.0,1.000,0.0,0.0,,1.500,0.0,0.0,,0.0,0.0,0.0,1.0,0.0,0.0,0.0,1.0,3.0,windldy01
526,James Wiseman,C,22,DET,29,0,14.6,2.7,3.9,.675,0.0,0.1,.000,2.7,3.9,.688,.675,0.7,1.2,.618,1.4,2.7,4.1,0.6,0.1,0.7,0.9,2.0,6.0,wisemja01
527,Christian Wood,PF,28,LAL,40,1,18.5,2.5,5.3,.474,0.8,2.4,.326,1.8,3.0,.593,.547,1.4,2.0,.688,0.8,4.7,5.5,1.1,0.3,0.8,1.1,1.5,7.2,woodch01
528,Delon Wright,PG,31,WAS,23,0,16.2,1.6,4.3,.374,0.5,1.3,.367,1.1,3.0,.377,.429,1.0,1.2,.815,0.4,1.7,2.1,3.0,1.3,0.3,0.4,0.8,4.7,wrighde01
529,Thaddeus Young,PF,35,TOR,17,4,13.1,2.0,3.5,.576,0.1,0.2,.250,1.9,3.2,.600,.585,0.2,0.5,.444,1.1,1.6,2.7,2.1,0.9,0.1,0.4,1.5,4.3,youngth01
530,Trae Young,PG,25,ATL,40,40,36.3,8.3,19.6,.424,3.3,9.0,.362,5.1,10.7,.477,.507,7.1,8.2,.860,0.5,2.5,3.0,10.8,1.4,0.2,4.3,2.0,27.0,youngtr01
531,Omer Yurtseven,C,25,UTA,25,6,10.3,1.5,3.0,.500,0.1,0.6,.200,1.4,2.4,.574,.520,0.2,0.4,.600,1.4,2.7,4.1,0.5,0.2,0.4,0.9,1.3,3.4,yurtsom01
532,Cody Zeller,C,31,NOP,32,0,8.4,0.6,1.6,.400,0.0,0.1,.333,0.6,1.5,.404,.410,0.6,1.0,.606,1.2,1.6,2.7,1.0,0.2,0.1,0.3,1.2,1.9,zelleco01
533,Ivica Zubac,C,26,LAC,38,38,27.1,5.3,8.1,.655,0.0,0.0,,5.3,8.1,.655,.655,1.8,2.8,.648,3.3,6.5,9.7,1.3,0.2,1.4,1.1,2.9,12.4,zubaciv01